<?xml version="1.0" encoding="utf-8"?>
<COLLADA xmlns="http://www.collada.org/2005/11/COLLADASchema" version="1.4.1">
<asset><created>2026-09-21T00:00:00Z</created><modified>2026-09-21T00:00:00Z</modified><unit name="meter" meter="1"/><up_axis>Z_UP</up_axis></asset>
<library_effects><effect id="gray"><profile_COMMON><technique sid="common"><lambert><diffuse><color>0.13 0.15 0.17 1</color></diffuse></lambert></technique></profile_COMMON></effect></library_effects>
<library_materials><material id="metal"><instance_effect url="#gray"/></material></library_materials>
<library_geometries><geometry id="part"><mesh>
<source id="positions"><float_array id="position-array" count="6486">-0.095 -0.03525 -0.03756179925 -0.095 -0.03325 -0.03787393764 -0.095 -0.03125 -0.03814112683 -0.095 -0.02925 -0.03831782582 -0.095 -0.02725 -0.03848839598 -0.095 -0.02525 -0.03854113046 -0.095 -0.02325 -0.03859386495 -0.09492314112 -0.03603036129 -0.03740817803 -0.09492314112 -0.02246963871 -0.03857755622 -0.09469551813 -0.03678073373 -0.03715772206 -0.09469551813 -0.02171926627 -0.03848160966 -0.09432587845 -0.03747228093 -0.03678062256 -0.09432587845 -0.02102771907 -0.03832360372 -0.094 -0.03725 -0.03670695796 -0.094 -0.03525 -0.03712240244 -0.094 -0.03325 -0.03743532664 -0.094 -0.03125 -0.03772018232 -0.094 -0.02925 -0.03789948612 -0.094 -0.02725 -0.03806815764 -0.094 -0.02525 -0.03812632962 -0.094 -0.02325 -0.03817906411 -0.094 -0.02125 -0.03818577537 -0.09382842712 -0.03807842712 -0.03630646068 -0.09382842712 -0.02042157288 -0.03811153746 -0.09322228093 -0.03857587845 -0.03577437897 -0.09322228093 -0.01992412155 -0.03785356047 -0.09253073373 -0.03894551813 -0.03524325572 -0.09253073373 -0.01955448187 -0.03755958666 -0.092 -0.03725 -0.03574959776 -0.092 -0.03525 -0.03618580204 -0.092 -0.03325 -0.03655371077 -0.092 -0.03125 -0.0368300397 -0.092 -0.02925 -0.03705297174 -0.092 -0.02725 -0.03721161572 -0.092 -0.02525 -0.03728131487 -0.092 -0.02325 -0.03733589319 -0.092 -0.02125 -0.03733779189 -0.09178036129 -0.03917314112 -0.03475632084 -0.09178036129 -0.01932685888 -0.03724091327 -0.091 -0.03925 -0.03434660776 -0.091 -0.01925 -0.03690978676 -0.09 -0.03725 -0.03478649558 -0.09 -0.03525 -0.03522628059 -0.09 -0.03325 -0.0356412558 -0.09 -0.03125 -0.03593989709 -0.09 -0.02925 -0.03617267417 -0.09 -0.02725 -0.03635507381 -0.09 -0.02525 -0.03642477296 -0.09 -0.02325 -0.03649272227 -0.09 -0.02125 -0.03649014792 -0.089 -0.03925 -0.03340526347 -0.089 -0.01925 -0.03603789138 -0.088 -0.03725 -0.03378289862 -0.088 -0.03525 -0.03428296056 -0.088 -0.03325 -0.03469885069 -0.088 -0.03125 -0.03502844533 -0.088 -0.02925 -0.03526642452 -0.088 -0.02725 -0.03544629282 -0.088 -0.02525 -0.03552248641 -0.088 -0.02325 -0.03558844317 -0.088 -0.02125 -0.03558352274 -0.087 -0.03925 -0.03243046085 -0.087 -0.01925 -0.03512044716 -0.086 -0.03725 -0.03276986384 -0.086 -0.03525 -0.03328612086 -0.086 -0.03325 -0.0337600406 -0.086 -0.03125 -0.03407544501 -0.086 -0.02925 -0.03435722033 -0.086 -0.02725 -0.03452271971 -0.086 -0.02525 -0.03460831275 -0.086 -0.02325 -0.03467165217 -0.086 -0.02125 -0.03466651097 -0.085 -0.03925 -0.03144365368 -0.085 -0.01925 -0.03420300294 -0.084 -0.03725 -0.03176753454 -0.084 -0.03525 -0.03229315497 -0.084 -0.03325 -0.03280941723 -0.084 -0.03125 -0.03313488155 -0.084 -0.02925 -0.03342254509 -0.084 -0.02725 -0.03360229184 -0.084 -0.02525 -0.03368788489 -0.084 -0.02325 -0.03375384659 -0.084 -0.02125 -0.03374863965 -0.083 -0.03925 -0.0304600519 -0.083 -0.01925 -0.03328313156 -0.082 -0.03725 -0.0307578365 -0.082 -0.03525 -0.03136105034 -0.082 -0.03325 -0.03187725206 -0.082 -0.03125 -0.0322180407 -0.082 -0.02925 -0.03251493476 -0.082 -0.02725 -0.03268181612 -0.082 -0.02525 -0.03277579078 -0.082 -0.02325 -0.03283445926 -0.082 -0.02125 -0.03282790586 -0.081 -0.03925 -0.02947725539 -0.081 -0.01925 -0.03236239777 -0.08 -0.03725 -0.02974813847 -0.08 -0.03525 -0.03036513844 -0.08 -0.03325 -0.03092636808 -0.08 -0.03125 -0.03126715673 -0.08 -0.02925 -0.03160732442 -0.08 -0.02725 -0.03175659037 -0.08 -0.02525 -0.03185799496 -0.08 -0.02325 -0.03191507194 -0.08 -0.02125 -0.03190834334 -0.079 -0.03925 -0.02849938317 -0.079 -0.01925 -0.03145438425 -0.078 -0.03725 -0.02882530894 -0.078 -0.03525 -0.02945691481 -0.078 -0.03325 -0.03004454187 -0.078 -0.03125 -0.03040076327 -0.078 -0.02925 -0.03073734254 -0.078 -0.02725 -0.03088470663 -0.078 -0.02525 -0.03098611122 -0.078 -0.02325 -0.03103919062 -0.078 -0.02125 -0.03103231142 -0.077 -0.03925 -0.02755818093 -0.077 -0.01925 -0.03059623816 -0.076 -0.03725 -0.02788179519 -0.076 -0.03525 -0.02859121971 -0.076 -0.03325 -0.02916526763 -0.076 -0.03125 -0.02956980906 -0.076 -0.02925 -0.02989178622 -0.076 -0.02725 -0.03002512497 -0.076 -0.02525 -0.0301366016 -0.076 -0.02325 -0.03018195553 -0.076 -0.02125 -0.03017451565 -0.075 -0.03925 -0.02661697868 -0.075 -0.01925 -0.02973809208 -0.074 -0.03725 -0.02696248223 -0.074 -0.03525 -0.02767905507 -0.074 -0.03325 -0.02830329479 -0.074 -0.03125 -0.0287466248 -0.074 -0.02925 -0.0290608171 -0.074 -0.02725 -0.02917931341 -0.074 -0.02525 -0.02929582659 -0.074 -0.02325 -0.02933983304 -0.074 -0.02125 -0.02933239316 -0.073 -0.03925 -0.02576154909 -0.073 -0.01925 -0.02896725143 -0.072 -0.03725 -0.02621296114 -0.072 -0.03525 -0.02695161004 -0.072 -0.03325 -0.02758631448 -0.072 -0.03125 -0.0280299843 -0.072 -0.02925 -0.02834224695 -0.072 -0.02725 -0.02847364285 -0.072 -0.02525 -0.02859015603 -0.072 -0.02325 -0.0286267949 -0.072 -0.02125 -0.0286190877 -0.071 -0.03925 -0.02495632322 -0.071 -0.01925 -0.02825369306 -0.07 -0.03725 -0.02539967154 -0.07 -0.03525 -0.026224165 -0.07 -0.03325 -0.02684563022 -0.07 -0.03125 -0.02730625818 -0.07 -0.02925 -0.02762324312 -0.07 -0.02725 -0.0277554562 -0.07 -0.02525 -0.02788448547 -0.07 -0.02325 -0.02791410384 -0.07 -0.02125 -0.02790595245 -0.069 -0.03925 -0.02413873948 -0.069 -0.01925 -0.02754013469 -0.068 -0.03725 -0.02471769659 -0.068 -0.03525 -0.0255439983 -0.068 -0.03325 -0.02621112192 -0.068 -0.03125 -0.0266864287 -0.068 -0.02925 -0.02700485354 -0.068 -0.02725 -0.02714035095 -0.068 -0.02525 -0.02727256403 -0.068 -0.02325 -0.02730011407 -0.068 -0.02125 -0.02729196267 -0.067 -0.03925 -0.02352293322 -0.067 -0.01925 -0.02703756795 -0.066 -0.03725 -0.0241681671 -0.066 -0.03525 -0.02502530602 -0.066 -0.03325 -0.02571065477 -0.066 -0.03125 -0.02618944225 -0.066 -0.02925 -0.02650755193 -0.066 -0.02725 -0.02665569915 -0.066 -0.02525 -0.02678889109 -0.066 -0.02325 -0.02681137406 -0.066 -0.02125 -0.02680283058 -0.065 -0.03925 -0.02291665624 -0.065 -0.01925 -0.0265482853 -0.064 -0.03725 -0.02355871511 -0.064 -0.03525 -0.02450116027 -0.064 -0.03325 -0.0251841627 -0.064 -0.03125 -0.02568277131 -0.064 -0.02925 -0.02601025033 -0.064 -0.02725 -0.02615839754 -0.064 -0.02525 -0.02630521815 -0.064 -0.02325 -0.02632289662 -0.064 -0.02125 -0.02631398803 -0.063 -0.03925 -0.02232194182 -0.063 -0.01925 -0.02604904804 -0.062 -0.03725 -0.02313380028 -0.062 -0.03525 -0.0240258365 -0.062 -0.03325 -0.02471332057 -0.062 -0.03125 -0.02521979875 -0.062 -0.02925 -0.02554399299 -0.062 -0.02725 -0.02570721613 -0.062 -0.02525 -0.02587524084 -0.062 -0.02325 -0.02588615849 -0.062 -0.02125 -0.02588217165 -0.061 -0.03925 -0.02188849158 -0.061 -0.01925 -0.02570441355 -0.06 -0.03725 -0.02264565256 -0.06 -0.03525 -0.02357274524 -0.06 -0.03325 -0.02429488357 -0.06 -0.03125 -0.02481941489 -0.06 -0.02925 -0.02516642144 -0.06 -0.02725 -0.02533545007 -0.06 -0.02525 -0.0255044787 -0.06 -0.02325 -0.02553427946 -0.06 -0.02125 -0.02553643556 -0.059 -0.03925 -0.02147432231 -0.059 -0.01925 -0.02536700304 -0.058 -0.03725 -0.02225439566 -0.058 -0.03525 -0.02316318977 -0.058 -0.03325 -0.02390809753 -0.058 -0.03125 -0.02444285226 -0.058 -0.02925 -0.0248097514 -0.058 -0.02725 -0.02497879689 -0.058 -0.02525 -0.02514953201 -0.058 -0.02325 -0.02519475844 -0.058 -0.02125 -0.02519930512 -0.057 -0.03925 -0.02107785493 -0.057 -0.01925 -0.02503701733 -0.056 -0.03725 -0.02186001985 -0.056 -0.03525 -0.02275358211 -0.056 -0.03325 -0.02351915256 -0.056 -0.03125 -0.02406822719 -0.056 -0.02925 -0.02445576744 -0.056 -0.02725 -0.02462678009 -0.056 -0.02525 -0.02479779274 -0.056 -0.02325 -0.02486017695 -0.056 -0.02125 -0.02486816261 -0.055 -0.03925 -0.0207183969 -0.055 -0.01925 -0.0247136516 -0.054 -0.03725 -0.02151634225 -0.054 -0.03525 -0.02239111576 -0.054 -0.03325 -0.02316300483 -0.054 -0.03125 -0.02371887015 -0.054 -0.02925 -0.02412213217 -0.054 -0.02725 -0.02429318606 -0.054 -0.02525 -0.0244624666 -0.054 -0.02325 -0.02453758239 -0.054 -0.02125 -0.02454684182 -0.053 -0.03925 -0.02035437508 -0.053 -0.01925 -0.02439570644 -0.052 -0.03725 -0.02116013657 -0.052 -0.03525 -0.02201548531 -0.052 -0.03325 -0.02280485128 -0.052 -0.03125 -0.02337120297 -0.052 -0.02925 -0.02376980742 -0.052 -0.02725 -0.02396027965 -0.052 -0.02525 -0.02412936705 -0.052 -0.02325 -0.0242183257 -0.052 -0.02125 -0.02422911093 -0.051 -0.03925 -0.02004329231 -0.051 -0.01925 -0.02408409648 -0.05 -0.03725 -0.0208431413 -0.05 -0.03525 -0.02168102808 -0.05 -0.03325 -0.02247071347 -0.05 -0.03125 -0.02303526491 -0.05 -0.02925 -0.02343220659 -0.05 -0.02725 -0.02364452833 -0.05 -0.02525 -0.02380864731 -0.05 -0.02325 -0.02390902287 -0.05 -0.02125 -0.02391975059 -0.049 -0.03925 -0.01970653696 -0.049 -0.01925 -0.02377569616 -0.048 -0.03725 -0.02052313297 -0.048 -0.03525 -0.02133695786 -0.048 -0.03325 -0.0221376434 -0.048 -0.03125 -0.02269627338 -0.048 -0.02925 -0.02310127064 -0.048 -0.02725 -0.02332861533 -0.048 -0.02525 -0.02349206456 -0.048 -0.02325 -0.02360315337 -0.048 -0.02125 -0.0236138647 -0.047 -0.03925 -0.01943685457 -0.047 -0.01925 -0.02347425324 -0.046 -0.03725 -0.02022834331 -0.046 -0.03525 -0.02102728219 -0.046 -0.03325 -0.02179583321 -0.046 -0.03125 -0.02236685553 -0.046 -0.02925 -0.02278109375 -0.046 -0.02725 -0.02302699418 -0.046 -0.02525 -0.02318411871 -0.046 -0.02325 -0.02330586189 -0.046 -0.02125 -0.02331563934 -0.045 -0.03925 -0.01912774666 -0.045 -0.01925 -0.02317479192 -0.044 -0.03725 -0.01993241672 -0.044 -0.03525 -0.02071118457 -0.044 -0.03325 -0.02147074813 -0.044 -0.03125 -0.02204946936 -0.044 -0.02925 -0.0224682284 -0.044 -0.02725 -0.02272689909 -0.044 -0.02525 -0.02288301707 -0.044 -0.02325 -0.02301275894 -0.044 -0.02125 -0.02302169841 -0.043 -0.03925 -0.0188915638 -0.043 -0.01925 -0.02288425039 -0.042 -0.03725 -0.01964070824 -0.042 -0.03525 -0.02042405126 -0.042 -0.03325 -0.02114667592 -0.042 -0.03125 -0.02173906607 -0.042 -0.02925 -0.02216473493 -0.042 -0.02725 -0.02243809709 -0.042 -0.02525 -0.02258656375 -0.042 -0.02325 -0.02272592063 -0.042 -0.02125 -0.0227332129 -0.041 -0.03925 -0.01861153456 -0.041 -0.01925 -0.02259486302 -0.04 -0.03725 -0.01937723597 -0.04 -0.03525 -0.02013400674 -0.04 -0.03325 -0.0208519768 -0.04 -0.03125 -0.02144027928 -0.04 -0.02925 -0.02186835532 -0.04 -0.02725 -0.02215274818 -0.04 -0.02525 -0.02229967203 -0.04 -0.02325 -0.0224394812 -0.04 -0.02125 -0.02245035896 -0.039 -0.03925 -0.01840351305 -0.039 -0.01925 -0.02231416873 -0.038 -0.03725 -0.01910443731 -0.038 -0.03525 -0.01986838909 -0.038 -0.03325 -0.02054378471 -0.038 -0.03125 -0.0211488566 -0.038 -0.02925 -0.02158052598 -0.038 -0.02725 -0.02187537242 -0.038 -0.02525 -0.02201388591 -0.038 -0.02325 -0.0221500237 -0.038 -0.02125 -0.02217118859 -0.037 -0.03925 -0.01816119 -0.037 -0.01925 -0.02203578988 -0.036 -0.03725 -0.01887819506 -0.036 -0.03525 -0.01960270037 -0.036 -0.03325 -0.02027845732 -0.036 -0.03125 -0.02086766635 -0.036 -0.02925 -0.02129975948 -0.036 -0.02725 -0.021604048 -0.036 -0.02525 -0.02174034815 -0.036 -0.02325 -0.02186930964 -0.036 -0.02125 -0.02189930197 -0.035 -0.03925 -0.01797005227 -0.035 -0.01925 -0.02176362382 -0.034 -0.03725 -0.01862313347 -0.034 -0.03525 -0.0193581775 -0.034 -0.03325 -0.01998562097 -0.034 -0.03125 -0.02059545153 -0.034 -0.02925 -0.02102601882 -0.034 -0.02725 -0.02132446983 -0.034 -0.02525 -0.02146481865 -0.034 -0.02325 -0.02158950199 -0.034 -0.02125 -0.02162894507 -0.033 -0.03925 -0.01776518909 -0.033 -0.01925 -0.0214963567 -0.032 -0.03725 -0.01843333924 -0.032 -0.03525 -0.01911755773 -0.032 -0.03325 -0.01974572438 -0.032 -0.03125 -0.02032950086 -0.032 -0.02925 -0.02072877971 -0.032 -0.02725 -0.0210481012 -0.032 -0.02525 -0.02120589796 -0.032 -0.02325 -0.02132341277 -0.032 -0.02125 -0.02136914958 -0.031 -0.03925 -0.01759281613 -0.031 -0.01925 -0.02123373439 -0.03 -0.03725 -0.01819906567 -0.03 -0.03525 -0.01888721268 -0.03 -0.03325 -0.01947433622 -0.03 -0.03125 -0.02005303404 -0.03 -0.02925 -0.02042679596 -0.03 -0.02725 -0.02076190958 -0.03 -0.02525 -0.02094228707 -0.03 -0.02325 -0.02105491509 -0.03 -0.02125 -0.0211089924 -0.029 -0.03925 -0.01743583434 -0.029 -0.01925 -0.02097831191 -0.028 -0.03725 -0.01803964564 -0.028 -0.03525 -0.01867351826 -0.028 -0.03325 -0.01926126638 -0.028 -0.03125 -0.01980067013 -0.028 -0.02925 -0.0201905765 -0.028 -0.02725 -0.02050524548 -0.028 -0.02525 -0.02069869801 -0.028 -0.02325 -0.02080379922 -0.028 -0.02125 -0.02086105568 -0.027 -0.03925 -0.01730914813 -0.027 -0.01925 -0.0207258896 -0.026 -0.03725 -0.01783966178 -0.026 -0.03525 -0.01846402344 -0.026 -0.03325 -0.0190188084 -0.026 -0.03125 -0.01954819456 -0.026 -0.02925 -0.01993980131 -0.026 -0.02725 -0.02024581623 -0.026 -0.02525 -0.02045040164 -0.026 -0.02325 -0.02054974513 -0.026 -0.02125 -0.02061337652 -0.025 -0.03925 -0.01720793698 -0.025 -0.01925 -0.02048369336 -0.024 -0.03725 -0.01770611104 -0.024 -0.03525 -0.01828409084 -0.024 -0.03325 -0.01882714215 -0.024 -0.03125 -0.0193219516 -0.024 -0.02925 -0.01972081494 -0.024 -0.02725 -0.02000718333 -0.024 -0.02525 -0.02021927191 -0.024 -0.02325 -0.02031136703 -0.024 -0.02125 -0.02037676707 -0.023 -0.03925 -0.01710409143 -0.023 -0.01925 -0.02024158663 -0.022 -0.03725 -0.0175471294 -0.022 -0.03525 -0.01810641015 -0.022 -0.03325 -0.01861865669 -0.022 -0.03125 -0.01909743945 -0.022 -0.02925 -0.0194943336 -0.022 -0.02725 -0.01976898293 -0.022 -0.02525 -0.01998787435 -0.022 -0.02325 -0.02007348486 -0.022 -0.02125 -0.02014258364 -0.021 -0.03925 -0.01702846024 -0.021 -0.01925 -0.02001253624 -0.02 -0.03725 -0.01743400017 -0.02 -0.03525 -0.01795629701 -0.02 -0.03325 -0.01844593612 -0.02 -0.03125 -0.01889537961 -0.02 -0.02925 -0.0192907538 -0.02 -0.02725 -0.01954792603 -0.02 -0.02525 -0.01976931246 -0.02 -0.02325 -0.01984788179 -0.02 -0.02125 -0.01991688595 -0.019 -0.03925 -0.01695902971 -0.019 -0.01925 -0.01978143377 -0.018 -0.03725 -0.017317233 -0.018 -0.03525 -0.01781137438 -0.018 -0.03325 -0.01827263189 -0.018 -0.03125 -0.01869930642 -0.018 -0.02925 -0.01908945979 -0.018 -0.02725 -0.0193316313 -0.018 -0.02525 -0.0195553302 -0.018 -0.02325 -0.01962623258 -0.018 -0.02125 -0.01969065417 -0.017 -0.03925 -0.01691031435 -0.017 -0.01925 -0.01956639971 -0.016 -0.03725 -0.01723197612 -0.016 -0.03525 -0.01769213118 -0.016 -0.03325 -0.01811979502 -0.016 -0.03125 -0.01852273378 -0.016 -0.02925 -0.01889453086 -0.016 -0.02725 -0.01912896078 -0.016 -0.02525 -0.01933712294 -0.016 -0.02325 -0.01941423907 -0.016 -0.02125 -0.01946932201 -0.015 -0.03925 -0.01688867734 -0.015 -0.01925 -0.01934854418 -0.014 -0.03725 -0.01718419501 -0.014 -0.03525 -0.0175810886 -0.014 -0.03325 -0.01798560322 -0.014 -0.03125 -0.01835617569 -0.014 -0.02925 -0.01870763555 -0.014 -0.02725 -0.0189362814 -0.014 -0.02525 -0.01913123037 -0.014 -0.02325 -0.01921072886 -0.014 -0.02125 -0.01925970895 -0.013 -0.03925 -0.01689978924 -0.013 -0.01925 -0.01914749251 -0.012 -0.03725 -0.01714042371 -0.012 -0.03525 -0.01749359164 -0.012 -0.03325 -0.01785474717 -0.012 -0.03125 -0.01820654601 -0.012 -0.02925 -0.01852408227 -0.012 -0.02725 -0.01875442311 -0.012 -0.02525 -0.01892813942 -0.012 -0.02325 -0.01901443233 -0.012 -0.02125 -0.01905250099 -0.011 -0.03925 -0.01690931859 -0.011 -0.01925 -0.01894635384 -0.01 -0.03725 -0.01712429867 -0.01 -0.03525 -0.01741685283 -0.01 -0.03325 -0.01776435601 -0.01 -0.03125 -0.01807198615 -0.01 -0.02925 -0.018374738 -0.01 -0.02725 -0.01858679995 -0.01 -0.02525 -0.0187499258 -0.01 -0.02325 -0.01883070985 -0.01 -0.02125 -0.01886358185 -0.009 -0.03925 -0.01695148145 -0.009 -0.01925 -0.01876094035 -0.008 -0.03725 -0.01711196062 -0.008 -0.03525 -0.01736226973 -0.008 -0.03325 -0.0176575849 -0.008 -0.03125 -0.01795134226 -0.008 -0.02925 -0.0182122293 -0.008 -0.02725 -0.01842629156 -0.008 -0.02525 -0.0185649331 -0.008 -0.02325 -0.01865159904 -0.008 -0.02125 -0.01867307482 -0.007 -0.03925 -0.01700635647 -0.007 -0.01925 -0.0185782245 -0.006 -0.03725 -0.01712389744 -0.006 -0.03525 -0.01732072594 -0.006 -0.03325 -0.01761181794 -0.006 -0.03125 -0.017849001 -0.006 -0.02925 -0.01810179452 -0.006 -0.02725 -0.01828606142 -0.006 -0.02525 -0.01841672726 -0.006 -0.02325 -0.01848979838 -0.006 -0.02125 -0.01850671374 -0.005 -0.03925 -0.01707658739 -0.005 -0.01925 -0.01840903652 -0.004 -0.03725 -0.0171457745 -0.004 -0.03525 -0.01729697288 -0.004 -0.03325 -0.01752851861 -0.004 -0.03125 -0.01775791725 -0.004 -0.02925 -0.01796269782 -0.004 -0.02725 -0.01814952586 -0.004 -0.02525 -0.01825147983 -0.004 -0.02325 -0.01832911165 -0.004 -0.02125 -0.01833340265 -0.003 -0.03925 -0.01731171982 -0.003 -0.01925 -0.01824656611 -0.002 -0.03725 -0.01722945428 -0.002 -0.03525 -0.017304484 -0.002 -0.03325 -0.0175238924 -0.002 -0.02525 -0.0181347847 -0.002 -0.02325 -0.01819108659 -0.002 -0.02125 -0.01819146039 -0.0017 -0.02925 -0.0178756766 -0.00169181404 -0.02941662914 -0.01786291438 -0.00169181404 -0.02908337086 -0.01788749232 -0.00166733498 -0.02958165355 -0.01784932856 -0.00166733498 -0.02891834645 -0.01789824773 -0.00162679857 -0.02974348395 -0.01783256953 -0.00162679857 -0.02875651605 -0.01790783927 -0.00157059521 -0.02990056184 -0.0178146238 -0.00157059521 -0.02859943816 -0.01791617457 -0.00149926615 -0.03005137445 -0.01779683626 -0.00149926615 -0.02844862555 -0.01792317334 -0.00141349834 -0.0301944694 -0.01777937822 -0.00141349834 -0.0283055306 -0.01792876818 -0.00131411777 -0.03032846858 -0.0177624178 -0.00131411777 -0.02817153142 -0.01793290522 -0.00120208153 -0.03045208153 -0.01774611835 -0.00120208153 -0.02804791847 -0.01793554462 -0.00107846858 -0.03056411777 -0.01773063683 -0.00107846858 -0.02793588223 -0.01793666094 -0.001 -0.03925 -0.01774261197 -0.001 -0.01925 -0.01809469226 -0.0009444694 -0.03066349834 -0.01771612234 -0.0009444694 -0.02783650166 -0.01793624345 -0.00080137445 -0.03074926615 -0.01770271467 -0.00080137445 -0.02775073385 -0.01793429616 -0.00065056184 -0.03082059521 -0.01769054294 -0.00065056184 -0.02767940479 -0.01793083783 -0.00049348395 -0.03087679857 -0.01767972436 -0.00049348395 -0.02762320143 -0.01792590176 -0.00033165355 -0.03091733498 -0.01767036314 -0.00033165355 -0.02758266502 -0.01791953549 -0.00016662914 -0.03094181404 -0.01766279162 -0.00016662914 -0.02755818596 -0.01791338486 0 -0.03725 -0.01731692186 0 -0.03525 -0.01735272401 0 -0.03325 -0.01747710191 -0 -0.03095 -0.01765967617 0 -0.02755 -0.01791066363 0 -0.02525 -0.0179972008 0 -0.02325 -0.01805510264 0 -0.02125 -0.01804137091 0.00016662914 -0.03094181404 -0.01765734533 0.00016662914 -0.02755818596 -0.01790672956 0.00033165355 -0.03091733498 -0.01765582154 0.00033165355 -0.02758266502 -0.01790019209 0.00049348395 -0.03087679857 -0.01765511948 0.00049348395 -0.02762320143 -0.01789100507 0.00065056184 -0.03082059521 -0.01765538455 0.00065056184 -0.02767940479 -0.01788133332 0.00080137445 -0.03074926615 -0.01765765685 0.00080137445 -0.02775073385 -0.01787126997 0.0009444694 -0.03066349834 -0.01766115291 0.0009444694 -0.02783650166 -0.01786091195 0.001 -0.03925 -0.01814226552 0.001 -0.01925 -0.01795460338 0.00107846858 -0.03056411777 -0.01766583905 0.00107846858 -0.02793588223 -0.01785035902 0.00120208153 -0.03045208153 -0.01767167015 0.00120208153 -0.02804791847 -0.01783971279 0.00131411777 -0.03032846858 -0.01767859004 0.00131411777 -0.02817153142 -0.0178290758 0.00141349834 -0.0301944694 -0.01768653209 0.00141349834 -0.0283055306 -0.01781855049 0.00149926615 -0.03005137445 -0.01769541981 0.00149926615 -0.02844862555 -0.01780823822 0.00157059521 -0.02990056184 -0.0177051676 0.00157059521 -0.02859943816 -0.01779823831 0.00162679857 -0.02974348395 -0.0177156816 0.00162679857 -0.02875651605 -0.01778864705 0.00166733498 -0.02958165355 -0.01772686054 0.00166733498 -0.02891834645 -0.01777599862 0.00169181404 -0.02941662914 -0.01773859676 0.00169181404 -0.02908337086 -0.01776328468 0.0017 -0.02925 -0.01775077724 0.002 -0.03725 -0.01741235833 0.002 -0.03525 -0.01741534238 0.002 -0.03325 -0.01750207256 0.002 -0.02525 -0.01790703082 0.002 -0.02325 -0.0179350744 0.002 -0.02125 -0.0179209848 0.003 -0.03925 -0.01849170438 0.003 -0.01925 -0.01782209169 0.004 -0.03725 -0.01749545081 0.004 -0.03525 -0.01748143552 0.004 -0.03325 -0.0175026269 0.004 -0.03125 -0.0175990544 0.004 -0.02925 -0.01767647815 0.004 -0.02725 -0.01776654853 0.004 -0.02525 -0.0177998023 0.004 -0.02325 -0.01782503715 0.004 -0.02125 -0.01779712701 0.005 -0.03925 -0.01882660212 0.005 -0.01925 -0.01770531003 0.006 -0.03725 -0.01761277886 0.006 -0.03525 -0.01757537095 0.006 -0.03325 -0.01755305119 0.006 -0.03125 -0.01760691233 0.006 -0.02925 -0.01766138383 0.006 -0.02725 -0.01770548117 0.006 -0.02525 -0.0177355938 0.006 -0.02325 -0.01772724011 0.006 -0.02125 -0.01769945366 0.007 -0.03925 -0.01915949031 0.007 -0.01925 -0.01759270643 0.008 -0.03725 -0.01780147896 0.008 -0.03525 -0.017672979 0.008 -0.03325 -0.01760190321 0.008 -0.03125 -0.01763122682 0.008 -0.02925 -0.01763713616 0.008 -0.02725 -0.01766995611 0.008 -0.02525 -0.01766168842 0.008 -0.02325 -0.0176519951 0.008 -0.02125 -0.01760283789 0.009 -0.03925 -0.01950115373 0.009 -0.01925 -0.01750475049 0.01 -0.03725 -0.01832871812 0.01 -0.03525 -0.01778397173 0.01 -0.03325 -0.01768406017 0.01 -0.03125 -0.01767575379 0.01 -0.02925 -0.01764828867 0.01 -0.02725 -0.01764170173 0.01 -0.02525 -0.01762140288 0.01 -0.02325 -0.01757899415 0.01 -0.02125 -0.01752908304 0.011 -0.03925 -0.01984853417 0.011 -0.01925 -0.01741685006 0.012 -0.03725 -0.01881478228 0.012 -0.03525 -0.01792948684 0.012 -0.03325 -0.01780102698 0.012 -0.03125 -0.01773874384 0.012 -0.02925 -0.01766881836 0.012 -0.02725 -0.01764343861 0.012 -0.02525 -0.01758416118 0.012 -0.02325 -0.01753703957 0.012 -0.02125 -0.017461421 0.013 -0.03925 -0.02021190232 0.013 -0.01925 -0.01735749914 0.014 -0.03725 -0.01924960687 0.014 -0.03525 -0.01808662342 0.014 -0.03325 -0.01792278682 0.014 -0.03125 -0.01781995416 0.014 -0.02925 -0.01771671099 0.014 -0.02725 -0.01764945449 0.014 -0.02525 -0.01756931959 0.014 -0.02325 -0.01749270399 0.014 -0.02125 -0.01741260128 0.015 -0.03925 -0.02059002863 0.015 -0.01925 -0.01729419141 0.016 -0.03725 -0.01966039769 0.016 -0.03525 -0.01823913082 0.016 -0.03325 -0.01806214456 0.016 -0.03125 -0.01792189182 0.016 -0.02925 -0.01779524205 0.016 -0.02725 -0.01768947364 0.016 -0.02525 -0.01757150905 0.016 -0.02325 -0.01748510852 0.016 -0.02125 -0.01737077564 0.017 -0.03925 -0.02097621152 0.017 -0.01925 -0.01725058936 0.018 -0.03725 -0.02006367954 0.018 -0.03525 -0.01842985356 0.018 -0.03325 -0.01821668677 0.018 -0.03125 -0.01804030085 0.018 -0.02925 -0.01787187185 0.018 -0.02725 -0.01773046272 0.018 -0.02525 -0.01758976558 0.018 -0.02325 -0.0174711803 0.018 -0.02125 -0.01734971811 0.019 -0.03925 -0.02138061071 0.019 -0.01925 -0.01671423211 0.02 -0.03725 -0.02046534272 0.02 -0.03525 -0.01873270202 0.02 -0.03325 -0.01841970286 0.02 -0.03125 -0.01818140565 0.02 -0.02925 -0.01799906853 0.02 -0.02725 -0.01780917911 0.02 -0.02525 -0.01764093933 0.02 -0.02325 -0.01747416366 0.02 -0.02125 -0.01733938045 0.021 -0.03925 -0.02180557344 0.021 -0.01925 -0.01432151192 0.022 -0.03725 -0.02088182765 0.022 -0.03525 -0.01931276233 0.022 -0.03325 -0.01859377375 0.022 -0.03125 -0.01833739419 0.022 -0.02925 -0.01810426131 0.022 -0.02725 -0.01788543411 0.022 -0.02525 -0.01768830179 0.022 -0.02325 -0.01751126315 0.022 -0.02125 -0.01709566466 0.023 -0.03925 -0.02224800756 0.023 -0.01925 -0.01148380421 0.024 -0.03725 -0.02131302022 0.024 -0.03525 -0.01986160159 0.024 -0.03325 -0.01882610537 0.024 -0.03125 -0.01852673791 0.024 -0.02925 -0.01828082765 0.024 -0.02725 -0.01800392152 0.024 -0.02525 -0.01778589184 0.024 -0.02325 -0.01756515973 0.024 -0.02125 -0.01647106707 0.025 -0.03925 -0.02270853089 0.025 -0.01925 -0.01056666529 0.026 -0.03725 -0.02176989479 0.026 -0.03525 -0.02035942826 0.026 -0.03325 -0.01903999109 0.026 -0.03125 -0.01872860369 0.026 -0.02925 -0.0184238062 0.026 -0.02725 -0.01812209563 0.026 -0.02525 -0.01786534805 0.026 -0.02325 -0.01761009743 0.026 -0.02125 -0.01458787924 0.027 -0.03925 -0.02318936892 0.027 -0.01925 -0.01029991448 0.028 -0.03725 -0.02224791001 0.028 -0.03525 -0.02084845222 0.028 -0.03325 -0.01928246513 0.028 -0.03125 -0.0189463436 0.028 -0.02925 -0.01863519018 0.028 -0.02725 -0.01828089286 0.028 -0.02525 -0.01799310091 0.028 -0.02325 -0.01762957477 0.028 -0.02125 -0.01341992506 0.029 -0.03925 -0.02369335259 0.029 -0.01925 -0.01021246179 0.03 -0.03725 -0.02275582228 0.03 -0.03525 -0.02134906795 0.03 -0.03325 -0.01955370274 0.03 -0.03125 -0.01919375817 0.03 -0.02925 -0.01882330075 0.03 -0.02725 -0.01846238261 0.03 -0.02525 -0.01812779805 0.03 -0.02325 -0.01764650371 0.03 -0.02125 -0.01277952888 0.031 -0.03925 -0.02421368257 0.031 -0.01925 -0.01018498755 0.032 -0.03725 -0.02323354211 0.032 -0.03525 -0.02186684611 0.032 -0.03325 -0.01992395861 0.032 -0.03125 -0.0194571192 0.032 -0.02925 -0.01906258243 0.032 -0.02725 -0.018655398 0.032 -0.02525 -0.01829458488 0.032 -0.02325 -0.01777488665 0.032 -0.02125 -0.01278613233 0.033 -0.03925 -0.02474896389 0.033 -0.01925 -0.0102123818 0.034 -0.03725 -0.02376948008 0.034 -0.03525 -0.02238628213 0.034 -0.03325 -0.02052343875 0.034 -0.03125 -0.01972680839 0.034 -0.02925 -0.01930016779 0.034 -0.02725 -0.01887689743 0.034 -0.02525 -0.01845986807 0.034 -0.02325 -0.01798507136 0.034 -0.02125 -0.01339538117 0.035 -0.03925 -0.02531313279 0.035 -0.01925 -0.01029942942 0.036 -0.03725 -0.02430659942 0.036 -0.03525 -0.02290278237 0.036 -0.03325 -0.02110528484 0.036 -0.03125 -0.02001730453 0.036 -0.02925 -0.01956744325 0.036 -0.02725 -0.01910752542 0.036 -0.02525 -0.01866266319 0.036 -0.02325 -0.01822248148 0.036 -0.02125 -0.01460299641 0.037 -0.03925 -0.02589263969 0.037 -0.01925 -0.01056583843 0.038 -0.03725 -0.02485689083 0.038 -0.03525 -0.02342513781 0.038 -0.03325 -0.02168207454 0.038 -0.03125 -0.02032831624 0.038 -0.02925 -0.0198542785 0.038 -0.02725 -0.01936791563 0.038 -0.02525 -0.0188714529 0.038 -0.02325 -0.01843082115 0.038 -0.02125 -0.01639636918 0.039 -0.03925 -0.02648070203 0.039 -0.01925 -0.01148165178 0.04 -0.03725 -0.02544204791 0.04 -0.03525 -0.02396435447 0.04 -0.03325 -0.0222541128 0.04 -0.03125 -0.02064798093 0.04 -0.02925 -0.02014908657 0.04 -0.02725 -0.01963656054 0.04 -0.02525 -0.01910687442 0.04 -0.02325 -0.01864100174 0.04 -0.02125 -0.01789381544 0.041 -0.03925 -0.02710228938 0.041 -0.01925 -0.01420938614 0.042 -0.03725 -0.02603138895 0.042 -0.03525 -0.0245074518 0.042 -0.03325 -0.02280687281 0.042 -0.03125 -0.02099871234 0.042 -0.02925 -0.02047562124 0.042 -0.02725 -0.01993646516 0.042 -0.02525 -0.01935630357 0.042 -0.02325 -0.0188836182 0.042 -0.02125 -0.01840753305 0.043 -0.03925 -0.02774254112 0.043 -0.01925 -0.01737428768 0.044 -0.03725 -0.02666112967 0.044 -0.03525 -0.02512991966 0.044 -0.03325 -0.02337457902 0.044 -0.03125 -0.02142504962 0.044 -0.02925 -0.02080609434 0.044 -0.02725 -0.02024414534 0.044 -0.02525 -0.01963562934 0.044 -0.02325 -0.01910864914 0.044 -0.02125 -0.01862351875 0.045 -0.03925 -0.0284282094 0.045 -0.01925 -0.01832028584 0.046 -0.03725 -0.02730027121 0.046 -0.03525 -0.02570840486 0.046 -0.03325 -0.023959451 0.046 -0.03125 -0.0220393295 0.046 -0.02925 -0.02116411056 0.046 -0.02725 -0.02058355088 0.046 -0.02525 -0.0199494192 0.046 -0.02325 -0.01938733008 0.046 -0.02125 -0.0188551278 0.047 -0.03925 -0.0290846464 0.047 -0.01925 -0.01856358587 0.048 -0.03725 -0.02794803822 0.048 -0.03525 -0.02633821758 0.048 -0.03325 -0.02457631826 0.048 -0.03125 -0.02266398611 0.048 -0.02925 -0.02154428228 0.048 -0.02725 -0.02093008756 0.048 -0.02525 -0.02025974313 0.048 -0.02325 -0.01964739732 0.048 -0.02125 -0.01909055654 0.049 -0.03925 -0.02979983557 0.049 -0.01925 -0.01879586045 0.05 -0.03725 -0.02866391123 0.05 -0.03525 -0.02705038012 0.05 -0.03325 -0.02526505796 0.05 -0.03125 -0.0233223319 0.05 -0.02925 -0.02195494307 0.05 -0.02725 -0.02130833536 0.05 -0.02525 -0.02062291566 0.05 -0.02325 -0.01996509078 0.05 -0.02125 -0.01934829917 0.051 -0.03925 -0.03056822071 0.051 -0.01925 -0.0190320957 0.052 -0.03725 -0.02946150757 0.052 -0.03525 -0.02779959177 0.052 -0.03325 -0.02598475717 0.052 -0.03125 -0.0240099109 0.052 -0.02925 -0.02235971644 0.052 -0.02725 -0.02169613831 0.052 -0.02525 -0.02097202981 0.052 -0.02325 -0.02026871119 0.052 -0.02125 -0.0196346806 0.053 -0.03925 -0.03137737049 0.053 -0.01925 -0.0192973027 0.054 -0.03725 -0.03026423043 0.054 -0.03525 -0.02858990759 0.054 -0.03325 -0.02674330427 0.054 -0.03125 -0.02473315542 0.054 -0.02925 -0.02279404257 0.054 -0.02725 -0.02210046792 0.054 -0.02525 -0.02137603889 0.054 -0.02325 -0.0206176229 0.054 -0.02125 -0.01994902178 0.055 -0.03925 -0.03220442432 0.055 -0.01925 -0.01956465583 0.056 -0.03725 -0.03105993396 0.056 -0.03525 -0.02942688085 0.056 -0.03325 -0.02752274241 0.056 -0.03125 -0.02551017279 0.056 -0.02925 -0.0232953143 0.056 -0.02725 -0.02253366511 0.056 -0.02525 -0.02175254187 0.056 -0.02325 -0.02096751347 0.056 -0.02125 -0.02027885989 0.057 -0.03925 -0.03303858638 0.057 -0.01925 -0.01986648606 0.058 -0.03725 -0.03192053401 0.058 -0.03525 -0.03029175684 0.058 -0.03325 -0.02838573637 0.058 -0.03125 -0.02632782872 0.058 -0.02925 -0.02402242356 0.058 -0.02725 -0.02297504079 0.058 -0.02525 -0.02215836942 0.058 -0.02325 -0.02135017855 0.058 -0.02125 -0.02062966057 0.059 -0.03925 -0.03382643536 0.059 -0.01925 -0.02016583377 0.06 -0.03725 -0.03277902708 0.06 -0.03525 -0.03112639989 0.06 -0.03325 -0.02922138891 0.06 -0.03125 -0.02717688235 0.06 -0.02925 -0.02484103758 0.06 -0.02725 -0.02342750635 0.06 -0.02525 -0.02259340199 0.06 -0.02325 -0.02175929762 0.06 -0.02125 -0.02100017526 0.061 -0.03925 -0.03465288874 0.061 -0.01925 -0.02050502614 0.062 -0.03725 -0.03367931157 0.062 -0.03525 -0.03199264155 0.062 -0.03325 -0.0301674898 0.062 -0.03125 -0.02803673988 0.062 -0.02925 -0.02568380437 0.062 -0.02725 -0.0239164248 0.062 -0.02525 -0.02303572058 0.062 -0.02325 -0.02218006527 0.062 -0.02125 -0.02138795162 0.063 -0.03925 -0.03546889741 0.063 -0.01925 -0.02083944105 0.064 -0.03725 -0.03450063401 0.064 -0.03525 -0.03289937019 0.064 -0.03325 -0.03110344158 0.064 -0.03125 -0.02895427759 0.064 -0.02925 -0.02656279688 0.064 -0.02725 -0.02444765995 0.064 -0.02525 -0.02356784254 0.064 -0.02325 -0.02266132992 0.064 -0.02125 -0.02179978224 0.065 -0.03925 -0.03632460336 0.065 -0.01925 -0.02121327891 0.066 -0.03725 -0.03533032059 0.066 -0.03525 -0.03382269245 0.066 -0.03325 -0.03198539715 0.066 -0.03125 -0.0298480216 0.066 -0.02925 -0.0274693646 0.066 -0.02725 -0.02498928231 0.066 -0.02525 -0.02406286586 0.066 -0.02325 -0.02311982773 0.066 -0.02125 -0.02222510739 0.067 -0.03925 -0.03706642866 0.067 -0.01925 -0.0215898433 0.068 -0.03725 -0.03620215943 0.068 -0.03525 -0.03470390407 0.068 -0.03325 -0.03291476087 0.068 -0.03125 -0.03086658091 0.068 -0.02925 -0.02844823896 0.068 -0.02725 -0.02565250207 0.068 -0.02525 -0.02461116061 0.068 -0.02325 -0.02363512841 0.068 -0.02125 -0.02267878898 0.069 -0.03925 -0.03782037216 0.069 -0.01925 -0.02200850583 0.07 -0.03725 -0.0370390521 0.07 -0.03525 -0.0355740114 0.07 -0.03325 -0.03386909197 0.07 -0.03125 -0.0318787171 0.07 -0.02925 -0.02942518131 0.07 -0.02725 -0.02661360336 0.07 -0.02525 -0.02514141855 0.07 -0.02325 -0.02412764787 0.07 -0.02125 -0.0231430118 0.071 -0.03925 -0.03859701447 0.071 -0.01925 -0.02246469489 0.072 -0.03725 -0.03780437862 0.072 -0.03525 -0.03643806707 0.072 -0.03325 -0.03485453758 0.072 -0.03125 -0.03282165138 0.072 -0.02925 -0.03040289717 0.072 -0.02725 -0.02760657138 0.072 -0.02525 -0.02574731317 0.072 -0.02325 -0.02469328053 0.072 -0.02125 -0.02364055827 0.073 -0.03925 -0.03931245617 0.073 -0.01925 -0.02293365503 0.074 -0.03725 -0.03858359408 0.074 -0.03525 -0.03734800366 0.074 -0.03325 -0.03573412996 0.074 -0.03125 -0.03381114209 0.074 -0.02925 -0.03148909746 0.074 -0.02725 -0.02865538226 0.074 -0.02525 -0.02634065773 0.074 -0.02325 -0.02525498991 0.074 -0.02125 -0.02416444966 0.075 -0.03925 -0.03998269472 0.075 -0.01925 -0.02344038872 0.076 -0.03725 -0.03938346617 0.076 -0.03525 -0.03814246279 0.076 -0.03325 -0.03664202001 0.076 -0.03125 -0.03481671675 0.076 -0.02925 -0.03256400708 0.076 -0.02725 -0.02974287068 0.076 -0.02525 -0.02697353877 0.076 -0.02325 -0.02584052631 0.076 -0.02125 -0.02471997678 0.077 -0.03925 -0.04066395754 0.077 -0.01925 -0.02394375367 0.078 -0.03725 -0.04008702746 0.078 -0.03525 -0.0389353215 0.078 -0.03325 -0.03755305965 0.078 -0.03125 -0.03585092038 0.078 -0.02925 -0.03362760803 0.078 -0.02725 -0.03084799988 0.078 -0.02525 -0.02764971058 0.078 -0.02325 -0.02648305232 0.078 -0.02125 -0.02530608033 0.079 -0.03925 -0.04133138515 0.079 -0.01925 -0.02449711273 0.08 -0.03725 -0.04077721676 0.08 -0.03525 -0.03975888756 0.08 -0.03325 -0.03844881712 0.08 -0.03125 -0.03676717816 0.08 -0.02925 -0.03467130618 0.08 -0.02725 -0.03198876114 0.08 -0.02525 -0.0286284234 0.08 -0.02325 -0.02710685138 0.08 -0.02125 -0.02589687458 0.081 -0.03925 -0.0419318319 0.081 -0.01925 -0.02504290687 0.08178036129 -0.03917314112 -0.04214677939 0.08178036129 -0.01932685888 -0.02531739375 0.082 -0.03725 -0.04149329799 0.082 -0.03525 -0.04052090376 0.082 -0.03325 -0.03927381808 0.082 -0.03125 -0.03771290797 0.082 -0.02925 -0.03573267743 0.082 -0.02725 -0.03314567056 0.082 -0.02525 -0.0298060512 0.082 -0.02325 -0.02780057887 0.082 -0.02125 -0.02654382078 0.08253073373 -0.03894551813 -0.04229421702 0.08253073373 -0.01955448187 -0.02567200859 0.08322228093 -0.03857587845 -0.04237374262 0.08322228093 -0.01992412155 -0.0260943785 0.08382842712 -0.03807842712 -0.04239063703 0.08382842712 -0.02042157288 -0.02659725461 0.084 -0.03725 -0.0421521856 0.084 -0.03525 -0.04123483785 0.084 -0.03325 -0.0400988396 0.084 -0.03125 -0.03867408436 0.084 -0.02925 -0.03683678168 0.084 -0.02725 -0.03437836415 0.084 -0.02525 -0.03103919159 0.084 -0.02325 -0.02851487669 0.084 -0.02125 -0.02718591704 0.08432587845 -0.03747228093 -0.04233491836 0.08432587845 -0.02102771907 -0.02715990238 0.08469551813 -0.03678073373 -0.04219847213 0.08469551813 -0.02171926627 -0.02775774296 0.08492314112 -0.03603036129 -0.04196368565 0.08492314112 -0.02246963871 -0.02834371121 0.085 -0.03525 -0.04160538684 0.085 -0.03325 -0.04052942255 0.085 -0.03125 -0.03914885937 0.085 -0.02925 -0.03731956213 0.085 -0.02725 -0.03493814351 0.085 -0.02525 -0.03168789734 0.085 -0.02325 -0.02889203698 -0.095 -0.03525 -0.03606179925 -0.095 -0.03325 -0.03637393764 -0.095 -0.03125 -0.03664112683 -0.095 -0.02925 -0.03681782582 -0.095 -0.02725 -0.03698839598 -0.095 -0.02525 -0.03704113046 -0.095 -0.02325 -0.03709386495 -0.09492314112 -0.03603036129 -0.03590817803 -0.09492314112 -0.02246963871 -0.03707755622 -0.09469551813 -0.03678073373 -0.03565772206 -0.09469551813 -0.02171926627 -0.03698160966 -0.09432587845 -0.03747228093 -0.03528062256 -0.09432587845 -0.02102771907 -0.03682360372 -0.094 -0.03725 -0.03520695796 -0.094 -0.03525 -0.03562240244 -0.094 -0.03325 -0.03593532664 -0.094 -0.03125 -0.03622018232 -0.094 -0.02925 -0.03639948612 -0.094 -0.02725 -0.03656815764 -0.094 -0.02525 -0.03662632962 -0.094 -0.02325 -0.03667906411 -0.094 -0.02125 -0.03668577537 -0.09382842712 -0.03807842712 -0.03480646068 -0.09382842712 -0.02042157288 -0.03661153746 -0.09322228093 -0.03857587845 -0.03427437897 -0.09322228093 -0.01992412155 -0.03635356047 -0.09253073373 -0.03894551813 -0.03374325572 -0.09253073373 -0.01955448187 -0.03605958666 -0.092 -0.03725 -0.03424959776 -0.092 -0.03525 -0.03468580204 -0.092 -0.03325 -0.03505371077 -0.092 -0.03125 -0.0353300397 -0.092 -0.02925 -0.03555297174 -0.092 -0.02725 -0.03571161572 -0.092 -0.02525 -0.03578131487 -0.092 -0.02325 -0.03583589319 -0.092 -0.02125 -0.03583779189 -0.09178036129 -0.03917314112 -0.03325632084 -0.09178036129 -0.01932685888 -0.03574091327 -0.091 -0.03925 -0.03284660776 -0.091 -0.01925 -0.03540978676 -0.09 -0.03725 -0.03328649558 -0.09 -0.03525 -0.03372628059 -0.09 -0.03325 -0.0341412558 -0.09 -0.03125 -0.03443989709 -0.09 -0.02925 -0.03467267417 -0.09 -0.02725 -0.03485507381 -0.09 -0.02525 -0.03492477296 -0.09 -0.02325 -0.03499272227 -0.09 -0.02125 -0.03499014792 -0.089 -0.03925 -0.03190526347 -0.089 -0.01925 -0.03453789138 -0.088 -0.03725 -0.03228289862 -0.088 -0.03525 -0.03278296056 -0.088 -0.03325 -0.03319885069 -0.088 -0.03125 -0.03352844533 -0.088 -0.02925 -0.03376642452 -0.088 -0.02725 -0.03394629282 -0.088 -0.02525 -0.03402248641 -0.088 -0.02325 -0.03408844317 -0.088 -0.02125 -0.03408352274 -0.087 -0.03925 -0.03093046085 -0.087 -0.01925 -0.03362044716 -0.086 -0.03725 -0.03126986384 -0.086 -0.03525 -0.03178612086 -0.086 -0.03325 -0.0322600406 -0.086 -0.03125 -0.03257544501 -0.086 -0.02925 -0.03285722033 -0.086 -0.02725 -0.03302271971 -0.086 -0.02525 -0.03310831275 -0.086 -0.02325 -0.03317165217 -0.086 -0.02125 -0.03316651097 -0.085 -0.03925 -0.02994365368 -0.085 -0.01925 -0.03270300294 -0.084 -0.03725 -0.03026753454 -0.084 -0.03525 -0.03079315497 -0.084 -0.03325 -0.03130941723 -0.084 -0.03125 -0.03163488155 -0.084 -0.02925 -0.03192254509 -0.084 -0.02725 -0.03210229184 -0.084 -0.02525 -0.03218788489 -0.084 -0.02325 -0.03225384659 -0.084 -0.02125 -0.03224863965 -0.083 -0.03925 -0.0289600519 -0.083 -0.01925 -0.03178313156 -0.082 -0.03725 -0.0292578365 -0.082 -0.03525 -0.02986105034 -0.082 -0.03325 -0.03037725206 -0.082 -0.03125 -0.0307180407 -0.082 -0.02925 -0.03101493476 -0.082 -0.02725 -0.03118181612 -0.082 -0.02525 -0.03127579078 -0.082 -0.02325 -0.03133445926 -0.082 -0.02125 -0.03132790586 -0.081 -0.03925 -0.02797725539 -0.081 -0.01925 -0.03086239777 -0.08 -0.03725 -0.02824813847 -0.08 -0.03525 -0.02886513844 -0.08 -0.03325 -0.02942636808 -0.08 -0.03125 -0.02976715673 -0.08 -0.02925 -0.03010732442 -0.08 -0.02725 -0.03025659037 -0.08 -0.02525 -0.03035799496 -0.08 -0.02325 -0.03041507194 -0.08 -0.02125 -0.03040834334 -0.079 -0.03925 -0.02699938317 -0.079 -0.01925 -0.02995438425 -0.078 -0.03725 -0.02732530894 -0.078 -0.03525 -0.02795691481 -0.078 -0.03325 -0.02854454187 -0.078 -0.03125 -0.02890076327 -0.078 -0.02925 -0.02923734254 -0.078 -0.02725 -0.02938470663 -0.078 -0.02525 -0.02948611122 -0.078 -0.02325 -0.02953919062 -0.078 -0.02125 -0.02953231142 -0.077 -0.03925 -0.02605818093 -0.077 -0.01925 -0.02909623816 -0.076 -0.03725 -0.02638179519 -0.076 -0.03525 -0.02709121971 -0.076 -0.03325 -0.02766526763 -0.076 -0.03125 -0.02806980906 -0.076 -0.02925 -0.02839178622 -0.076 -0.02725 -0.02852512497 -0.076 -0.02525 -0.0286366016 -0.076 -0.02325 -0.02868195553 -0.076 -0.02125 -0.02867451565 -0.075 -0.03925 -0.02511697868 -0.075 -0.01925 -0.02823809208 -0.074 -0.03725 -0.02546248223 -0.074 -0.03525 -0.02617905507 -0.074 -0.03325 -0.02680329479 -0.074 -0.03125 -0.0272466248 -0.074 -0.02925 -0.0275608171 -0.074 -0.02725 -0.02767931341 -0.074 -0.02525 -0.02779582659 -0.074 -0.02325 -0.02783983304 -0.074 -0.02125 -0.02783239316 -0.073 -0.03925 -0.02426154909 -0.073 -0.01925 -0.02746725143 -0.072 -0.03725 -0.02471296114 -0.072 -0.03525 -0.02545161004 -0.072 -0.03325 -0.02608631448 -0.072 -0.03125 -0.0265299843 -0.072 -0.02925 -0.02684224695 -0.072 -0.02725 -0.02697364285 -0.072 -0.02525 -0.02709015603 -0.072 -0.02325 -0.0271267949 -0.072 -0.02125 -0.0271190877 -0.071 -0.03925 -0.02345632322 -0.071 -0.01925 -0.02675369306 -0.07 -0.03725 -0.02389967154 -0.07 -0.03525 -0.024724165 -0.07 -0.03325 -0.02534563022 -0.07 -0.03125 -0.02580625818 -0.07 -0.02925 -0.02612324312 -0.07 -0.02725 -0.0262554562 -0.07 -0.02525 -0.02638448547 -0.07 -0.02325 -0.02641410384 -0.07 -0.02125 -0.02640595245 -0.069 -0.03925 -0.02263873948 -0.069 -0.01925 -0.02604013469 -0.068 -0.03725 -0.02321769659 -0.068 -0.03525 -0.0240439983 -0.068 -0.03325 -0.02471112192 -0.068 -0.03125 -0.0251864287 -0.068 -0.02925 -0.02550485354 -0.068 -0.02725 -0.02564035095 -0.068 -0.02525 -0.02577256403 -0.068 -0.02325 -0.02580011407 -0.068 -0.02125 -0.02579196267 -0.067 -0.03925 -0.02202293322 -0.067 -0.01925 -0.02553756795 -0.066 -0.03725 -0.0226681671 -0.066 -0.03525 -0.02352530602 -0.066 -0.03325 -0.02421065477 -0.066 -0.03125 -0.02468944225 -0.066 -0.02925 -0.02500755193 -0.066 -0.02725 -0.02515569915 -0.066 -0.02525 -0.02528889109 -0.066 -0.02325 -0.02531137406 -0.066 -0.02125 -0.02530283058 -0.065 -0.03925 -0.02141665624 -0.065 -0.01925 -0.0250482853 -0.064 -0.03725 -0.02205871511 -0.064 -0.03525 -0.02300116027 -0.064 -0.03325 -0.0236841627 -0.064 -0.03125 -0.02418277131 -0.064 -0.02925 -0.02451025033 -0.064 -0.02725 -0.02465839754 -0.064 -0.02525 -0.02480521815 -0.064 -0.02325 -0.02482289662 -0.064 -0.02125 -0.02481398803 -0.063 -0.03925 -0.02082194182 -0.063 -0.01925 -0.02454904804 -0.062 -0.03725 -0.02163380028 -0.062 -0.03525 -0.0225258365 -0.062 -0.03325 -0.02321332057 -0.062 -0.03125 -0.02371979875 -0.062 -0.02925 -0.02404399299 -0.062 -0.02725 -0.02420721613 -0.062 -0.02525 -0.02437524084 -0.062 -0.02325 -0.02438615849 -0.062 -0.02125 -0.02438217165 -0.061 -0.03925 -0.02038849158 -0.061 -0.01925 -0.02420441355 -0.06 -0.03725 -0.02114565256 -0.06 -0.03525 -0.02207274524 -0.06 -0.03325 -0.02279488357 -0.06 -0.03125 -0.02331941489 -0.06 -0.02925 -0.02366642144 -0.06 -0.02725 -0.02383545007 -0.06 -0.02525 -0.0240044787 -0.06 -0.02325 -0.02403427946 -0.06 -0.02125 -0.02403643556 -0.059 -0.03925 -0.01997432231 -0.059 -0.01925 -0.02386700304 -0.058 -0.03725 -0.02075439566 -0.058 -0.03525 -0.02166318977 -0.058 -0.03325 -0.02240809753 -0.058 -0.03125 -0.02294285226 -0.058 -0.02925 -0.0233097514 -0.058 -0.02725 -0.02347879689 -0.058 -0.02525 -0.02364953201 -0.058 -0.02325 -0.02369475844 -0.058 -0.02125 -0.02369930512 -0.057 -0.03925 -0.01957785493 -0.057 -0.01925 -0.02353701733 -0.056 -0.03725 -0.02036001985 -0.056 -0.03525 -0.02125358211 -0.056 -0.03325 -0.02201915256 -0.056 -0.03125 -0.02256822719 -0.056 -0.02925 -0.02295576744 -0.056 -0.02725 -0.02312678009 -0.056 -0.02525 -0.02329779274 -0.056 -0.02325 -0.02336017695 -0.056 -0.02125 -0.02336816261 -0.055 -0.03925 -0.0192183969 -0.055 -0.01925 -0.0232136516 -0.054 -0.03725 -0.02001634225 -0.054 -0.03525 -0.02089111576 -0.054 -0.03325 -0.02166300483 -0.054 -0.03125 -0.02221887015 -0.054 -0.02925 -0.02262213217 -0.054 -0.02725 -0.02279318606 -0.054 -0.02525 -0.0229624666 -0.054 -0.02325 -0.02303758239 -0.054 -0.02125 -0.02304684182 -0.053 -0.03925 -0.01885437508 -0.053 -0.01925 -0.02289570644 -0.052 -0.03725 -0.01966013657 -0.052 -0.03525 -0.02051548531 -0.052 -0.03325 -0.02130485128 -0.052 -0.03125 -0.02187120297 -0.052 -0.02925 -0.02226980742 -0.052 -0.02725 -0.02246027965 -0.052 -0.02525 -0.02262936705 -0.052 -0.02325 -0.0227183257 -0.052 -0.02125 -0.02272911093 -0.051 -0.03925 -0.01854329231 -0.051 -0.01925 -0.02258409648 -0.05 -0.03725 -0.0193431413 -0.05 -0.03525 -0.02018102808 -0.05 -0.03325 -0.02097071347 -0.05 -0.03125 -0.02153526491 -0.05 -0.02925 -0.02193220659 -0.05 -0.02725 -0.02214452833 -0.05 -0.02525 -0.02230864731 -0.05 -0.02325 -0.02240902287 -0.05 -0.02125 -0.02241975059 -0.049 -0.03925 -0.01820653696 -0.049 -0.01925 -0.02227569616 -0.048 -0.03725 -0.01902313297 -0.048 -0.03525 -0.01983695786 -0.048 -0.03325 -0.0206376434 -0.048 -0.03125 -0.02119627338 -0.048 -0.02925 -0.02160127064 -0.048 -0.02725 -0.02182861533 -0.048 -0.02525 -0.02199206456 -0.048 -0.02325 -0.02210315337 -0.048 -0.02125 -0.0221138647 -0.047 -0.03925 -0.01793685457 -0.047 -0.01925 -0.02197425324 -0.046 -0.03725 -0.01872834331 -0.046 -0.03525 -0.01952728219 -0.046 -0.03325 -0.02029583321 -0.046 -0.03125 -0.02086685553 -0.046 -0.02925 -0.02128109375 -0.046 -0.02725 -0.02152699418 -0.046 -0.02525 -0.02168411871 -0.046 -0.02325 -0.02180586189 -0.046 -0.02125 -0.02181563934 -0.045 -0.03925 -0.01762774666 -0.045 -0.01925 -0.02167479192 -0.044 -0.03725 -0.01843241672 -0.044 -0.03525 -0.01921118457 -0.044 -0.03325 -0.01997074813 -0.044 -0.03125 -0.02054946936 -0.044 -0.02925 -0.0209682284 -0.044 -0.02725 -0.02122689909 -0.044 -0.02525 -0.02138301707 -0.044 -0.02325 -0.02151275894 -0.044 -0.02125 -0.02152169841 -0.043 -0.03925 -0.0173915638 -0.043 -0.01925 -0.02138425039 -0.042 -0.03725 -0.01814070824 -0.042 -0.03525 -0.01892405126 -0.042 -0.03325 -0.01964667592 -0.042 -0.03125 -0.02023906607 -0.042 -0.02925 -0.02066473493 -0.042 -0.02725 -0.02093809709 -0.042 -0.02525 -0.02108656375 -0.042 -0.02325 -0.02122592063 -0.042 -0.02125 -0.0212332129 -0.041 -0.03925 -0.01711153456 -0.041 -0.01925 -0.02109486302 -0.04 -0.03725 -0.01787723597 -0.04 -0.03525 -0.01863400674 -0.04 -0.03325 -0.0193519768 -0.04 -0.03125 -0.01994027928 -0.04 -0.02925 -0.02036835532 -0.04 -0.02725 -0.02065274818 -0.04 -0.02525 -0.02079967203 -0.04 -0.02325 -0.0209394812 -0.04 -0.02125 -0.02095035896 -0.039 -0.03925 -0.01690351305 -0.039 -0.01925 -0.02081416873 -0.038 -0.03725 -0.01760443731 -0.038 -0.03525 -0.01836838909 -0.038 -0.03325 -0.01904378471 -0.038 -0.03125 -0.0196488566 -0.038 -0.02925 -0.02008052598 -0.038 -0.02725 -0.02037537242 -0.038 -0.02525 -0.02051388591 -0.038 -0.02325 -0.0206500237 -0.038 -0.02125 -0.02067118859 -0.037 -0.03925 -0.01666119 -0.037 -0.01925 -0.02053578988 -0.036 -0.03725 -0.01737819506 -0.036 -0.03525 -0.01810270037 -0.036 -0.03325 -0.01877845732 -0.036 -0.03125 -0.01936766635 -0.036 -0.02925 -0.01979975948 -0.036 -0.02725 -0.020104048 -0.036 -0.02525 -0.02024034815 -0.036 -0.02325 -0.02036930964 -0.036 -0.02125 -0.02039930197 -0.035 -0.03925 -0.01647005227 -0.035 -0.01925 -0.02026362382 -0.034 -0.03725 -0.01712313347 -0.034 -0.03525 -0.0178581775 -0.034 -0.03325 -0.01848562097 -0.034 -0.03125 -0.01909545153 -0.034 -0.02925 -0.01952601882 -0.034 -0.02725 -0.01982446983 -0.034 -0.02525 -0.01996481865 -0.034 -0.02325 -0.02008950199 -0.034 -0.02125 -0.02012894507 -0.033 -0.03925 -0.01626518909 -0.033 -0.01925 -0.0199963567 -0.032 -0.03725 -0.01693333924 -0.032 -0.03525 -0.01761755773 -0.032 -0.03325 -0.01824572438 -0.032 -0.03125 -0.01882950086 -0.032 -0.02925 -0.01922877971 -0.032 -0.02725 -0.0195481012 -0.032 -0.02525 -0.01970589796 -0.032 -0.02325 -0.01982341277 -0.032 -0.02125 -0.01986914958 -0.031 -0.03925 -0.01609281613 -0.031 -0.01925 -0.01973373439 -0.03 -0.03725 -0.01669906567 -0.03 -0.03525 -0.01738721268 -0.03 -0.03325 -0.01797433622 -0.03 -0.03125 -0.01855303404 -0.03 -0.02925 -0.01892679596 -0.03 -0.02725 -0.01926190958 -0.03 -0.02525 -0.01944228707 -0.03 -0.02325 -0.01955491509 -0.03 -0.02125 -0.0196089924 -0.029 -0.03925 -0.01593583434 -0.029 -0.01925 -0.01947831191 -0.028 -0.03725 -0.01653964564 -0.028 -0.03525 -0.01717351826 -0.028 -0.03325 -0.01776126638 -0.028 -0.03125 -0.01830067013 -0.028 -0.02925 -0.0186905765 -0.028 -0.02725 -0.01900524548 -0.028 -0.02525 -0.01919869801 -0.028 -0.02325 -0.01930379922 -0.028 -0.02125 -0.01936105568 -0.027 -0.03925 -0.01580914813 -0.027 -0.01925 -0.0192258896 -0.026 -0.03725 -0.01633966178 -0.026 -0.03525 -0.01696402344 -0.026 -0.03325 -0.0175188084 -0.026 -0.03125 -0.01804819456 -0.026 -0.02925 -0.01843980131 -0.026 -0.02725 -0.01874581623 -0.026 -0.02525 -0.01895040164 -0.026 -0.02325 -0.01904974513 -0.026 -0.02125 -0.01911337652 -0.025 -0.03925 -0.01570793698 -0.025 -0.01925 -0.01898369336 -0.024 -0.03725 -0.01620611104 -0.024 -0.03525 -0.01678409084 -0.024 -0.03325 -0.01732714215 -0.024 -0.03125 -0.0178219516 -0.024 -0.02925 -0.01822081494 -0.024 -0.02725 -0.01850718333 -0.024 -0.02525 -0.01871927191 -0.024 -0.02325 -0.01881136703 -0.024 -0.02125 -0.01887676707 -0.023 -0.03925 -0.01560409143 -0.023 -0.01925 -0.01874158663 -0.022 -0.03725 -0.0160471294 -0.022 -0.03525 -0.01660641015 -0.022 -0.03325 -0.01711865669 -0.022 -0.03125 -0.01759743945 -0.022 -0.02925 -0.0179943336 -0.022 -0.02725 -0.01826898293 -0.022 -0.02525 -0.01848787435 -0.022 -0.02325 -0.01857348486 -0.022 -0.02125 -0.01864258364 -0.021 -0.03925 -0.01552846024 -0.021 -0.01925 -0.01851253624 -0.02 -0.03725 -0.01593400017 -0.02 -0.03525 -0.01645629701 -0.02 -0.03325 -0.01694593612 -0.02 -0.03125 -0.01739537961 -0.02 -0.02925 -0.0177907538 -0.02 -0.02725 -0.01804792603 -0.02 -0.02525 -0.01826931246 -0.02 -0.02325 -0.01834788179 -0.02 -0.02125 -0.01841688595 -0.019 -0.03925 -0.01545902971 -0.019 -0.01925 -0.01828143377 -0.018 -0.03725 -0.015817233 -0.018 -0.03525 -0.01631137438 -0.018 -0.03325 -0.01677263189 -0.018 -0.03125 -0.01719930642 -0.018 -0.02925 -0.01758945979 -0.018 -0.02725 -0.0178316313 -0.018 -0.02525 -0.0180553302 -0.018 -0.02325 -0.01812623258 -0.018 -0.02125 -0.01819065417 -0.017 -0.03925 -0.01541031435 -0.017 -0.01925 -0.01806639971 -0.016 -0.03725 -0.01573197612 -0.016 -0.03525 -0.01619213118 -0.016 -0.03325 -0.01661979502 -0.016 -0.03125 -0.01702273378 -0.016 -0.02925 -0.01739453086 -0.016 -0.02725 -0.01762896078 -0.016 -0.02525 -0.01783712294 -0.016 -0.02325 -0.01791423907 -0.016 -0.02125 -0.01796932201 -0.015 -0.03925 -0.01538867734 -0.015 -0.01925 -0.01784854418 -0.014 -0.03725 -0.01568419501 -0.014 -0.03525 -0.0160810886 -0.014 -0.03325 -0.01648560322 -0.014 -0.03125 -0.01685617569 -0.014 -0.02925 -0.01720763555 -0.014 -0.02725 -0.0174362814 -0.014 -0.02525 -0.01763123037 -0.014 -0.02325 -0.01771072886 -0.014 -0.02125 -0.01775970895 -0.013 -0.03925 -0.01539978924 -0.013 -0.01925 -0.01764749251 -0.012 -0.03725 -0.01564042371 -0.012 -0.03525 -0.01599359164 -0.012 -0.03325 -0.01635474717 -0.012 -0.03125 -0.01670654601 -0.012 -0.02925 -0.01702408227 -0.012 -0.02725 -0.01725442311 -0.012 -0.02525 -0.01742813942 -0.012 -0.02325 -0.01751443233 -0.012 -0.02125 -0.01755250099 -0.011 -0.03925 -0.01540931859 -0.011 -0.01925 -0.01744635384 -0.01 -0.03725 -0.01562429867 -0.01 -0.03525 -0.01591685283 -0.01 -0.03325 -0.01626435601 -0.01 -0.03125 -0.01657198615 -0.01 -0.02925 -0.016874738 -0.01 -0.02725 -0.01708679995 -0.01 -0.02525 -0.0172499258 -0.01 -0.02325 -0.01733070985 -0.01 -0.02125 -0.01736358185 -0.009 -0.03925 -0.01545148145 -0.009 -0.01925 -0.01726094035 -0.008 -0.03725 -0.01561196062 -0.008 -0.03525 -0.01586226973 -0.008 -0.03325 -0.0161575849 -0.008 -0.03125 -0.01645134226 -0.008 -0.02925 -0.0167122293 -0.008 -0.02725 -0.01692629156 -0.008 -0.02525 -0.0170649331 -0.008 -0.02325 -0.01715159904 -0.008 -0.02125 -0.01717307482 -0.007 -0.03925 -0.01550635647 -0.007 -0.01925 -0.0170782245 -0.006 -0.03725 -0.01562389744 -0.006 -0.03525 -0.01582072594 -0.006 -0.03325 -0.01611181794 -0.006 -0.03125 -0.016349001 -0.006 -0.02925 -0.01660179452 -0.006 -0.02725 -0.01678606142 -0.006 -0.02525 -0.01691672726 -0.006 -0.02325 -0.01698979838 -0.006 -0.02125 -0.01700671374 -0.005 -0.03925 -0.01557658739 -0.005 -0.01925 -0.01690903652 -0.004 -0.03725 -0.0156457745 -0.004 -0.03525 -0.01579697288 -0.004 -0.03325 -0.01602851861 -0.004 -0.03125 -0.01625791725 -0.004 -0.02925 -0.01646269782 -0.004 -0.02725 -0.01664952586 -0.004 -0.02525 -0.01675147983 -0.004 -0.02325 -0.01682911165 -0.004 -0.02125 -0.01683340265 -0.003 -0.03925 -0.01581171982 -0.003 -0.01925 -0.01674656611 -0.002 -0.03725 -0.01572945428 -0.002 -0.03525 -0.015804484 -0.002 -0.03325 -0.0160238924 -0.002 -0.02525 -0.0166347847 -0.002 -0.02325 -0.01669108659 -0.002 -0.02125 -0.01669146039 -0.0017 -0.02925 -0.0163756766 -0.00169181404 -0.02941662914 -0.01636291438 -0.00169181404 -0.02908337086 -0.01638749232 -0.00166733498 -0.02958165355 -0.01634932856 -0.00166733498 -0.02891834645 -0.01639824773 -0.00162679857 -0.02974348395 -0.01633256953 -0.00162679857 -0.02875651605 -0.01640783927 -0.00157059521 -0.02990056184 -0.0163146238 -0.00157059521 -0.02859943816 -0.01641617457 -0.00149926615 -0.03005137445 -0.01629683626 -0.00149926615 -0.02844862555 -0.01642317334 -0.00141349834 -0.0301944694 -0.01627937822 -0.00141349834 -0.0283055306 -0.01642876818 -0.00131411777 -0.03032846858 -0.0162624178 -0.00131411777 -0.02817153142 -0.01643290522 -0.00120208153 -0.03045208153 -0.01624611835 -0.00120208153 -0.02804791847 -0.01643554462 -0.00107846858 -0.03056411777 -0.01623063683 -0.00107846858 -0.02793588223 -0.01643666094 -0.001 -0.03925 -0.01624261197 -0.001 -0.01925 -0.01659469226 -0.0009444694 -0.03066349834 -0.01621612234 -0.0009444694 -0.02783650166 -0.01643624345 -0.00080137445 -0.03074926615 -0.01620271467 -0.00080137445 -0.02775073385 -0.01643429616 -0.00065056184 -0.03082059521 -0.01619054294 -0.00065056184 -0.02767940479 -0.01643083783 -0.00049348395 -0.03087679857 -0.01617972436 -0.00049348395 -0.02762320143 -0.01642590176 -0.00033165355 -0.03091733498 -0.01617036314 -0.00033165355 -0.02758266502 -0.01641953549 -0.00016662914 -0.03094181404 -0.01616279162 -0.00016662914 -0.02755818596 -0.01641338486 0 -0.03725 -0.01581692186 0 -0.03525 -0.01585272401 0 -0.03325 -0.01597710191 -0 -0.03095 -0.01615967617 0 -0.02755 -0.01641066363 0 -0.02525 -0.0164972008 0 -0.02325 -0.01655510264 0 -0.02125 -0.01654137091 0.00016662914 -0.03094181404 -0.01615734533 0.00016662914 -0.02755818596 -0.01640672956 0.00033165355 -0.03091733498 -0.01615582154 0.00033165355 -0.02758266502 -0.01640019209 0.00049348395 -0.03087679857 -0.01615511948 0.00049348395 -0.02762320143 -0.01639100507 0.00065056184 -0.03082059521 -0.01615538455 0.00065056184 -0.02767940479 -0.01638133332 0.00080137445 -0.03074926615 -0.01615765685 0.00080137445 -0.02775073385 -0.01637126997 0.0009444694 -0.03066349834 -0.01616115291 0.0009444694 -0.02783650166 -0.01636091195 0.001 -0.03925 -0.01664226552 0.001 -0.01925 -0.01645460338 0.00107846858 -0.03056411777 -0.01616583905 0.00107846858 -0.02793588223 -0.01635035902 0.00120208153 -0.03045208153 -0.01617167015 0.00120208153 -0.02804791847 -0.01633971279 0.00131411777 -0.03032846858 -0.01617859004 0.00131411777 -0.02817153142 -0.0163290758 0.00141349834 -0.0301944694 -0.01618653209 0.00141349834 -0.0283055306 -0.01631855049 0.00149926615 -0.03005137445 -0.01619541981 0.00149926615 -0.02844862555 -0.01630823822 0.00157059521 -0.02990056184 -0.0162051676 0.00157059521 -0.02859943816 -0.01629823831 0.00162679857 -0.02974348395 -0.0162156816 0.00162679857 -0.02875651605 -0.01628864705 0.00166733498 -0.02958165355 -0.01622686054 0.00166733498 -0.02891834645 -0.01627599862 0.00169181404 -0.02941662914 -0.01623859676 0.00169181404 -0.02908337086 -0.01626328468 0.0017 -0.02925 -0.01625077724 0.002 -0.03725 -0.01591235833 0.002 -0.03525 -0.01591534238 0.002 -0.03325 -0.01600207256 0.002 -0.02525 -0.01640703082 0.002 -0.02325 -0.0164350744 0.002 -0.02125 -0.0164209848 0.003 -0.03925 -0.01699170438 0.003 -0.01925 -0.01632209169 0.004 -0.03725 -0.01599545081 0.004 -0.03525 -0.01598143552 0.004 -0.03325 -0.0160026269 0.004 -0.03125 -0.0160990544 0.004 -0.02925 -0.01617647815 0.004 -0.02725 -0.01626654853 0.004 -0.02525 -0.0162998023 0.004 -0.02325 -0.01632503715 0.004 -0.02125 -0.01629712701 0.005 -0.03925 -0.01732660212 0.005 -0.01925 -0.01620531003 0.006 -0.03725 -0.01611277886 0.006 -0.03525 -0.01607537095 0.006 -0.03325 -0.01605305119 0.006 -0.03125 -0.01610691233 0.006 -0.02925 -0.01616138383 0.006 -0.02725 -0.01620548117 0.006 -0.02525 -0.0162355938 0.006 -0.02325 -0.01622724011 0.006 -0.02125 -0.01619945366 0.007 -0.03925 -0.01765949031 0.007 -0.01925 -0.01609270643 0.008 -0.03725 -0.01630147896 0.008 -0.03525 -0.016172979 0.008 -0.03325 -0.01610190321 0.008 -0.03125 -0.01613122682 0.008 -0.02925 -0.01613713616 0.008 -0.02725 -0.01616995611 0.008 -0.02525 -0.01616168842 0.008 -0.02325 -0.0161519951 0.008 -0.02125 -0.01610283789 0.009 -0.03925 -0.01800115373 0.009 -0.01925 -0.01600475049 0.01 -0.03725 -0.01682871812 0.01 -0.03525 -0.01628397173 0.01 -0.03325 -0.01618406017 0.01 -0.03125 -0.01617575379 0.01 -0.02925 -0.01614828867 0.01 -0.02725 -0.01614170173 0.01 -0.02525 -0.01612140288 0.01 -0.02325 -0.01607899415 0.01 -0.02125 -0.01602908304 0.011 -0.03925 -0.01834853417 0.011 -0.01925 -0.01591685006 0.012 -0.03725 -0.01731478228 0.012 -0.03525 -0.01642948684 0.012 -0.03325 -0.01630102698 0.012 -0.03125 -0.01623874384 0.012 -0.02925 -0.01616881836 0.012 -0.02725 -0.01614343861 0.012 -0.02525 -0.01608416118 0.012 -0.02325 -0.01603703957 0.012 -0.02125 -0.015961421 0.013 -0.03925 -0.01871190232 0.013 -0.01925 -0.01585749914 0.014 -0.03725 -0.01774960687 0.014 -0.03525 -0.01658662342 0.014 -0.03325 -0.01642278682 0.014 -0.03125 -0.01631995416 0.014 -0.02925 -0.01621671099 0.014 -0.02725 -0.01614945449 0.014 -0.02525 -0.01606931959 0.014 -0.02325 -0.01599270399 0.014 -0.02125 -0.01591260128 0.015 -0.03925 -0.01909002863 0.015 -0.01925 -0.01579419141 0.016 -0.03725 -0.01816039769 0.016 -0.03525 -0.01673913082 0.016 -0.03325 -0.01656214456 0.016 -0.03125 -0.01642189182 0.016 -0.02925 -0.01629524205 0.016 -0.02725 -0.01618947364 0.016 -0.02525 -0.01607150905 0.016 -0.02325 -0.01598510852 0.016 -0.02125 -0.01587077564 0.017 -0.03925 -0.01947621152 0.017 -0.01925 -0.01575058936 0.018 -0.03725 -0.01856367954 0.018 -0.03525 -0.01692985356 0.018 -0.03325 -0.01671668677 0.018 -0.03125 -0.01654030085 0.018 -0.02925 -0.01637187185 0.018 -0.02725 -0.01623046272 0.018 -0.02525 -0.01608976558 0.018 -0.02325 -0.0159711803 0.018 -0.02125 -0.01584971811 0.019 -0.03925 -0.01988061071 0.019 -0.01925 -0.01521423211 0.02 -0.03725 -0.01896534272 0.02 -0.03525 -0.01723270202 0.02 -0.03325 -0.01691970286 0.02 -0.03125 -0.01668140565 0.02 -0.02925 -0.01649906853 0.02 -0.02725 -0.01630917911 0.02 -0.02525 -0.01614093933 0.02 -0.02325 -0.01597416366 0.02 -0.02125 -0.01583938045 0.021 -0.03925 -0.02030557344 0.021 -0.01925 -0.01282151192 0.022 -0.03725 -0.01938182765 0.022 -0.03525 -0.01781276233 0.022 -0.03325 -0.01709377375 0.022 -0.03125 -0.01683739419 0.022 -0.02925 -0.01660426131 0.022 -0.02725 -0.01638543411 0.022 -0.02525 -0.01618830179 0.022 -0.02325 -0.01601126315 0.022 -0.02125 -0.01559566466 0.023 -0.03925 -0.02074800756 0.023 -0.01925 -0.009983804213 0.024 -0.03725 -0.01981302022 0.024 -0.03525 -0.01836160159 0.024 -0.03325 -0.01732610537 0.024 -0.03125 -0.01702673791 0.024 -0.02925 -0.01678082765 0.024 -0.02725 -0.01650392152 0.024 -0.02525 -0.01628589184 0.024 -0.02325 -0.01606515973 0.024 -0.02125 -0.01497106707 0.025 -0.03925 -0.02120853089 0.025 -0.01925 -0.009066665289 0.026 -0.03725 -0.02026989479 0.026 -0.03525 -0.01885942826 0.026 -0.03325 -0.01753999109 0.026 -0.03125 -0.01722860369 0.026 -0.02925 -0.0169238062 0.026 -0.02725 -0.01662209563 0.026 -0.02525 -0.01636534805 0.026 -0.02325 -0.01611009743 0.026 -0.02125 -0.01308787924 0.027 -0.03925 -0.02168936892 0.027 -0.01925 -0.008799914478 0.028 -0.03725 -0.02074791001 0.028 -0.03525 -0.01934845222 0.028 -0.03325 -0.01778246513 0.028 -0.03125 -0.0174463436 0.028 -0.02925 -0.01713519018 0.028 -0.02725 -0.01678089286 0.028 -0.02525 -0.01649310091 0.028 -0.02325 -0.01612957477 0.028 -0.02125 -0.01191992506 0.029 -0.03925 -0.02219335259 0.029 -0.01925 -0.008712461786 0.03 -0.03725 -0.02125582228 0.03 -0.03525 -0.01984906795 0.03 -0.03325 -0.01805370274 0.03 -0.03125 -0.01769375817 0.03 -0.02925 -0.01732330075 0.03 -0.02725 -0.01696238261 0.03 -0.02525 -0.01662779805 0.03 -0.02325 -0.01614650371 0.03 -0.02125 -0.01127952888 0.031 -0.03925 -0.02271368257 0.031 -0.01925 -0.008684987551 0.032 -0.03725 -0.02173354211 0.032 -0.03525 -0.02036684611 0.032 -0.03325 -0.01842395861 0.032 -0.03125 -0.0179571192 0.032 -0.02925 -0.01756258243 0.032 -0.02725 -0.017155398 0.032 -0.02525 -0.01679458488 0.032 -0.02325 -0.01627488665 0.032 -0.02125 -0.01128613233 0.033 -0.03925 -0.02324896389 0.033 -0.01925 -0.008712381803 0.034 -0.03725 -0.02226948008 0.034 -0.03525 -0.02088628213 0.034 -0.03325 -0.01902343875 0.034 -0.03125 -0.01822680839 0.034 -0.02925 -0.01780016779 0.034 -0.02725 -0.01737689743 0.034 -0.02525 -0.01695986807 0.034 -0.02325 -0.01648507136 0.034 -0.02125 -0.01189538117 0.035 -0.03925 -0.02381313279 0.035 -0.01925 -0.00879942942 0.036 -0.03725 -0.02280659942 0.036 -0.03525 -0.02140278237 0.036 -0.03325 -0.01960528484 0.036 -0.03125 -0.01851730453 0.036 -0.02925 -0.01806744325 0.036 -0.02725 -0.01760752542 0.036 -0.02525 -0.01716266319 0.036 -0.02325 -0.01672248148 0.036 -0.02125 -0.01310299641 0.037 -0.03925 -0.02439263969 0.037 -0.01925 -0.009065838432 0.038 -0.03725 -0.02335689083 0.038 -0.03525 -0.02192513781 0.038 -0.03325 -0.02018207454 0.038 -0.03125 -0.01882831624 0.038 -0.02925 -0.0183542785 0.038 -0.02725 -0.01786791563 0.038 -0.02525 -0.0173714529 0.038 -0.02325 -0.01693082115 0.038 -0.02125 -0.01489636918 0.039 -0.03925 -0.02498070203 0.039 -0.01925 -0.009981651775 0.04 -0.03725 -0.02394204791 0.04 -0.03525 -0.02246435447 0.04 -0.03325 -0.0207541128 0.04 -0.03125 -0.01914798093 0.04 -0.02925 -0.01864908657 0.04 -0.02725 -0.01813656054 0.04 -0.02525 -0.01760687442 0.04 -0.02325 -0.01714100174 0.04 -0.02125 -0.01639381544 0.041 -0.03925 -0.02560228938 0.041 -0.01925 -0.01270938614 0.042 -0.03725 -0.02453138895 0.042 -0.03525 -0.0230074518 0.042 -0.03325 -0.02130687281 0.042 -0.03125 -0.01949871234 0.042 -0.02925 -0.01897562124 0.042 -0.02725 -0.01843646516 0.042 -0.02525 -0.01785630357 0.042 -0.02325 -0.0173836182 0.042 -0.02125 -0.01690753305 0.043 -0.03925 -0.02624254112 0.043 -0.01925 -0.01587428768 0.044 -0.03725 -0.02516112967 0.044 -0.03525 -0.02362991966 0.044 -0.03325 -0.02187457902 0.044 -0.03125 -0.01992504962 0.044 -0.02925 -0.01930609434 0.044 -0.02725 -0.01874414534 0.044 -0.02525 -0.01813562934 0.044 -0.02325 -0.01760864914 0.044 -0.02125 -0.01712351875 0.045 -0.03925 -0.0269282094 0.045 -0.01925 -0.01682028584 0.046 -0.03725 -0.02580027121 0.046 -0.03525 -0.02420840486 0.046 -0.03325 -0.022459451 0.046 -0.03125 -0.0205393295 0.046 -0.02925 -0.01966411056 0.046 -0.02725 -0.01908355088 0.046 -0.02525 -0.0184494192 0.046 -0.02325 -0.01788733008 0.046 -0.02125 -0.0173551278 0.047 -0.03925 -0.0275846464 0.047 -0.01925 -0.01706358587 0.048 -0.03725 -0.02644803822 0.048 -0.03525 -0.02483821758 0.048 -0.03325 -0.02307631826 0.048 -0.03125 -0.02116398611 0.048 -0.02925 -0.02004428228 0.048 -0.02725 -0.01943008756 0.048 -0.02525 -0.01875974313 0.048 -0.02325 -0.01814739732 0.048 -0.02125 -0.01759055654 0.049 -0.03925 -0.02829983557 0.049 -0.01925 -0.01729586045 0.05 -0.03725 -0.02716391123 0.05 -0.03525 -0.02555038012 0.05 -0.03325 -0.02376505796 0.05 -0.03125 -0.0218223319 0.05 -0.02925 -0.02045494307 0.05 -0.02725 -0.01980833536 0.05 -0.02525 -0.01912291566 0.05 -0.02325 -0.01846509078 0.05 -0.02125 -0.01784829917 0.051 -0.03925 -0.02906822071 0.051 -0.01925 -0.0175320957 0.052 -0.03725 -0.02796150757 0.052 -0.03525 -0.02629959177 0.052 -0.03325 -0.02448475717 0.052 -0.03125 -0.0225099109 0.052 -0.02925 -0.02085971644 0.052 -0.02725 -0.02019613831 0.052 -0.02525 -0.01947202981 0.052 -0.02325 -0.01876871119 0.052 -0.02125 -0.0181346806 0.053 -0.03925 -0.02987737049 0.053 -0.01925 -0.0177973027 0.054 -0.03725 -0.02876423043 0.054 -0.03525 -0.02708990759 0.054 -0.03325 -0.02524330427 0.054 -0.03125 -0.02323315542 0.054 -0.02925 -0.02129404257 0.054 -0.02725 -0.02060046792 0.054 -0.02525 -0.01987603889 0.054 -0.02325 -0.0191176229 0.054 -0.02125 -0.01844902178 0.055 -0.03925 -0.03070442432 0.055 -0.01925 -0.01806465583 0.056 -0.03725 -0.02955993396 0.056 -0.03525 -0.02792688085 0.056 -0.03325 -0.02602274241 0.056 -0.03125 -0.02401017279 0.056 -0.02925 -0.0217953143 0.056 -0.02725 -0.02103366511 0.056 -0.02525 -0.02025254187 0.056 -0.02325 -0.01946751347 0.056 -0.02125 -0.01877885989 0.057 -0.03925 -0.03153858638 0.057 -0.01925 -0.01836648606 0.058 -0.03725 -0.03042053401 0.058 -0.03525 -0.02879175684 0.058 -0.03325 -0.02688573637 0.058 -0.03125 -0.02482782872 0.058 -0.02925 -0.02252242356 0.058 -0.02725 -0.02147504079 0.058 -0.02525 -0.02065836942 0.058 -0.02325 -0.01985017855 0.058 -0.02125 -0.01912966057 0.059 -0.03925 -0.03232643536 0.059 -0.01925 -0.01866583377 0.06 -0.03725 -0.03127902708 0.06 -0.03525 -0.02962639989 0.06 -0.03325 -0.02772138891 0.06 -0.03125 -0.02567688235 0.06 -0.02925 -0.02334103758 0.06 -0.02725 -0.02192750635 0.06 -0.02525 -0.02109340199 0.06 -0.02325 -0.02025929762 0.06 -0.02125 -0.01950017526 0.061 -0.03925 -0.03315288874 0.061 -0.01925 -0.01900502614 0.062 -0.03725 -0.03217931157 0.062 -0.03525 -0.03049264155 0.062 -0.03325 -0.0286674898 0.062 -0.03125 -0.02653673988 0.062 -0.02925 -0.02418380437 0.062 -0.02725 -0.0224164248 0.062 -0.02525 -0.02153572058 0.062 -0.02325 -0.02068006527 0.062 -0.02125 -0.01988795162 0.063 -0.03925 -0.03396889741 0.063 -0.01925 -0.01933944105 0.064 -0.03725 -0.03300063401 0.064 -0.03525 -0.03139937019 0.064 -0.03325 -0.02960344158 0.064 -0.03125 -0.02745427759 0.064 -0.02925 -0.02506279688 0.064 -0.02725 -0.02294765995 0.064 -0.02525 -0.02206784254 0.064 -0.02325 -0.02116132992 0.064 -0.02125 -0.02029978224 0.065 -0.03925 -0.03482460336 0.065 -0.01925 -0.01971327891 0.066 -0.03725 -0.03383032059 0.066 -0.03525 -0.03232269245 0.066 -0.03325 -0.03048539715 0.066 -0.03125 -0.0283480216 0.066 -0.02925 -0.0259693646 0.066 -0.02725 -0.02348928231 0.066 -0.02525 -0.02256286586 0.066 -0.02325 -0.02161982773 0.066 -0.02125 -0.02072510739 0.067 -0.03925 -0.03556642866 0.067 -0.01925 -0.0200898433 0.068 -0.03725 -0.03470215943 0.068 -0.03525 -0.03320390407 0.068 -0.03325 -0.03141476087 0.068 -0.03125 -0.02936658091 0.068 -0.02925 -0.02694823896 0.068 -0.02725 -0.02415250207 0.068 -0.02525 -0.02311116061 0.068 -0.02325 -0.02213512841 0.068 -0.02125 -0.02117878898 0.069 -0.03925 -0.03632037216 0.069 -0.01925 -0.02050850583 0.07 -0.03725 -0.0355390521 0.07 -0.03525 -0.0340740114 0.07 -0.03325 -0.03236909197 0.07 -0.03125 -0.0303787171 0.07 -0.02925 -0.02792518131 0.07 -0.02725 -0.02511360336 0.07 -0.02525 -0.02364141855 0.07 -0.02325 -0.02262764787 0.07 -0.02125 -0.0216430118 0.071 -0.03925 -0.03709701447 0.071 -0.01925 -0.02096469489 0.072 -0.03725 -0.03630437862 0.072 -0.03525 -0.03493806707 0.072 -0.03325 -0.03335453758 0.072 -0.03125 -0.03132165138 0.072 -0.02925 -0.02890289717 0.072 -0.02725 -0.02610657138 0.072 -0.02525 -0.02424731317 0.072 -0.02325 -0.02319328053 0.072 -0.02125 -0.02214055827 0.073 -0.03925 -0.03781245617 0.073 -0.01925 -0.02143365503 0.074 -0.03725 -0.03708359408 0.074 -0.03525 -0.03584800366 0.074 -0.03325 -0.03423412996 0.074 -0.03125 -0.03231114209 0.074 -0.02925 -0.02998909746 0.074 -0.02725 -0.02715538226 0.074 -0.02525 -0.02484065773 0.074 -0.02325 -0.02375498991 0.074 -0.02125 -0.02266444966 0.075 -0.03925 -0.03848269472 0.075 -0.01925 -0.02194038872 0.076 -0.03725 -0.03788346617 0.076 -0.03525 -0.03664246279 0.076 -0.03325 -0.03514202001 0.076 -0.03125 -0.03331671675 0.076 -0.02925 -0.03106400708 0.076 -0.02725 -0.02824287068 0.076 -0.02525 -0.02547353877 0.076 -0.02325 -0.02434052631 0.076 -0.02125 -0.02321997678 0.077 -0.03925 -0.03916395754 0.077 -0.01925 -0.02244375367 0.078 -0.03725 -0.03858702746 0.078 -0.03525 -0.0374353215 0.078 -0.03325 -0.03605305965 0.078 -0.03125 -0.03435092038 0.078 -0.02925 -0.03212760803 0.078 -0.02725 -0.02934799988 0.078 -0.02525 -0.02614971058 0.078 -0.02325 -0.02498305232 0.078 -0.02125 -0.02380608033 0.079 -0.03925 -0.03983138515 0.079 -0.01925 -0.02299711273 0.08 -0.03725 -0.03927721676 0.08 -0.03525 -0.03825888756 0.08 -0.03325 -0.03694881712 0.08 -0.03125 -0.03526717816 0.08 -0.02925 -0.03317130618 0.08 -0.02725 -0.03048876114 0.08 -0.02525 -0.0271284234 0.08 -0.02325 -0.02560685138 0.08 -0.02125 -0.02439687458 0.081 -0.03925 -0.0404318319 0.081 -0.01925 -0.02354290687 0.08178036129 -0.03917314112 -0.04064677939 0.08178036129 -0.01932685888 -0.02381739375 0.082 -0.03725 -0.03999329799 0.082 -0.03525 -0.03902090376 0.082 -0.03325 -0.03777381808 0.082 -0.03125 -0.03621290797 0.082 -0.02925 -0.03423267743 0.082 -0.02725 -0.03164567056 0.082 -0.02525 -0.0283060512 0.082 -0.02325 -0.02630057887 0.082 -0.02125 -0.02504382078 0.08253073373 -0.03894551813 -0.04079421702 0.08253073373 -0.01955448187 -0.02417200859 0.08322228093 -0.03857587845 -0.04087374262 0.08322228093 -0.01992412155 -0.0245943785 0.08382842712 -0.03807842712 -0.04089063703 0.08382842712 -0.02042157288 -0.02509725461 0.084 -0.03725 -0.0406521856 0.084 -0.03525 -0.03973483785 0.084 -0.03325 -0.0385988396 0.084 -0.03125 -0.03717408436 0.084 -0.02925 -0.03533678168 0.084 -0.02725 -0.03287836415 0.084 -0.02525 -0.02953919159 0.084 -0.02325 -0.02701487669 0.084 -0.02125 -0.02568591704 0.08432587845 -0.03747228093 -0.04083491836 0.08432587845 -0.02102771907 -0.02565990238 0.08469551813 -0.03678073373 -0.04069847213 0.08469551813 -0.02171926627 -0.02625774296 0.08492314112 -0.03603036129 -0.04046368565 0.08492314112 -0.02246963871 -0.02684371121 0.085 -0.03525 -0.04010538684 0.085 -0.03325 -0.03902942255 0.085 -0.03125 -0.03764885937 0.085 -0.02925 -0.03581956213 0.085 -0.02725 -0.03343814351 0.085 -0.02525 -0.03018789734 0.085 -0.02325 -0.02739203698</float_array><technique_common><accessor source="#position-array" count="2162" stride="3"><param name="X" type="float"/><param name="Y" type="float"/><param name="Z" type="float"/></accessor></technique_common></source>
<vertices id="vertices"><input semantic="POSITION" source="#positions"/></vertices>
<triangles count="4324" material="surface"><input semantic="VERTEX" source="#vertices" offset="0"/><p>1069 1071 1067 1069 1067 1058 1056 1058 1052 1067 1052 1058 9 7 14 0 14 7 1056 1052 1054 8 10 20 1073 1066 1071 1067 1071 1066 1073 1080 1066 1041 1043 1052 1052 1043 1054 12 23 21 12 21 10 10 21 20 8 20 6 11 13 22 9 13 11 9 14 13 24 28 26 24 22 28 22 13 28 1041 1052 1039 39 37 28 26 28 37 564 584 550 633 622 624 633 624 635 657 666 655 844 842 833 564 605 584 523 525 550 564 550 525 25 27 36 27 38 36 25 36 23 23 36 21 40 36 38 657 655 646 615 607 616 617 616 598 754 745 756 754 756 765 767 765 756 754 743 745 688 677 679 520 528 519 547 519 528 547 545 519 787 789 798 800 798 789 800 811 809 800 809 798 820 809 811 767 776 765 1006 995 997 930 921 932 820 811 822 844 855 853 844 853 842 866 877 875 1053 1044 1055 1053 1042 1044 1055 1044 1057 1040 1044 1042 552 527 548 584 605 611 139 150 148 159 148 150 172 181 170 172 183 181 203 194 205 622 611 613 622 613 624 605 613 611 633 635 644 655 644 646 635 646 644 676 667 678 645 656 654 594 596 616 616 596 598 723 732 721 666 668 677 657 668 666 679 677 668 293 302 291 324 313 315 324 315 326 348 346 337 519 537 518 617 599 618 528 557 555 511 502 513 491 502 500 511 500 502 676 678 687 1017 1019 1028 997 995 986 930 919 921 833 842 831 833 831 822 820 822 831 866 864 855 866 875 864 855 864 853 875 877 886 1068 1057 1059 1057 1044 1059 1068 1059 1070 517 546 527 544 546 517 527 546 548 566 576 607 512 514 523 512 503 514 523 514 525 517 527 516 415 413 404 446 435 437 446 437 448 426 437 435 60 51 62 40 51 49 40 49 36 60 49 51 106 115 104 106 117 115 126 115 117 93 84 95 93 95 104 106 104 95 39 28 41 139 148 137 379 370 381 293 291 282 271 282 280 291 280 282 227 236 225 159 150 161 159 161 170 172 170 161 203 192 194 194 192 183 181 183 192 203 205 214 1074 1072 1060 1072 1070 1060 1070 1059 1060 645 654 643 632 634 643 645 643 634 594 616 592 616 590 592 743 732 734 745 743 734 723 734 732 667 665 656 676 665 667 654 656 665 293 304 302 313 302 304 313 304 315 326 337 335 324 326 335 346 335 337 544 517 542 517 518 536 517 536 538 531 518 533 524 551 530 571 530 551 621 610 612 528 559 557 528 555 553 720 722 731 832 841 830 720 711 722 720 709 711 700 711 709 700 709 698 787 776 778 787 778 789 767 778 776 1006 1008 1017 1006 997 1008 1017 1008 1019 1039 1028 1030 1041 1039 1030 1028 1019 1030 964 973 962 897 899 908 964 962 953 876 885 874 876 874 865 854 865 863 874 863 865 897 886 888 897 888 899 877 888 886 481 479 470 503 501 492 512 501 503 459 457 448 446 448 457 566 560 562 566 527 558 566 558 560 566 572 574 566 574 576 413 402 404 391 393 402 404 402 393 426 435 424 415 424 413 415 426 424 260 258 249 247 249 258 73 84 82 93 82 84 126 128 137 126 117 128 139 137 128 118 116 107 118 127 116 118 129 127 379 368 370 247 238 249 247 236 238 227 238 236 227 225 216 205 216 214 225 214 216 621 612 623 621 623 632 632 623 634 617 602 604 617 604 603 618 591 589 723 721 712 688 690 699 688 679 690 517 538 540 517 540 542 531 532 518 545 543 519 519 543 541 519 539 537 519 541 539 537 535 518 518 535 533 524 522 513 511 513 522 524 530 522 571 551 585 571 585 610 612 610 585 547 528 549 528 553 549 447 458 456 469 467 458 456 458 467 447 456 445 788 797 786 722 733 731 788 799 797 832 830 821 832 843 841 687 689 698 678 689 687 700 698 689 995 984 986 919 908 910 921 919 910 899 910 908 1040 1031 1044 987 985 976 876 887 885 854 852 843 854 863 852 841 843 852 898 896 887 885 887 896 942 940 931 920 931 929 940 929 931 481 492 490 481 490 479 492 501 490 459 470 468 479 468 470 459 468 457 527 556 558 566 567 572 566 562 567 607 588 616 616 588 590 607 576 578 607 582 586 607 586 588 325 314 316 292 281 283 270 272 281 283 281 272 260 271 269 271 280 269 260 269 258 184 193 182 73 71 62 60 62 71 73 82 71 39 41 50 107 105 96 94 96 105 107 116 105 127 129 138 391 382 393 401 392 403 381 392 390 379 381 390 401 390 392 414 412 403 401 403 412 370 368 359 348 359 357 348 357 346 368 357 359 617 598 600 617 600 602 617 601 599 617 603 601 599 597 618 618 597 595 618 593 591 618 595 593 721 710 712 518 534 536 518 532 534 469 480 478 469 478 467 434 425 436 434 436 445 447 445 436 788 786 777 744 755 753 744 742 733 744 753 742 731 733 742 810 821 819 830 819 821 973 975 984 964 975 973 986 984 975 963 952 954 943 954 952 1007 998 1009 1007 1009 1018 976 985 974 552 554 527 527 554 556 607 580 582 607 578 580 292 294 303 292 283 294 325 316 327 270 261 272 160 162 171 215 204 206 237 226 228 237 239 248 237 228 239 250 248 239 41 52 50 72 74 83 160 151 162 391 380 382 414 425 423 434 423 425 414 423 412 699 701 710 699 690 701 712 710 701 491 489 480 491 500 489 480 489 478 766 764 755 753 755 764 810 808 799 797 799 808 810 819 808 932 943 941 930 932 941 943 952 941 963 965 974 963 954 965 976 974 965 987 996 985 1007 996 998 987 998 996 1040 1029 1031 920 929 918 942 953 951 962 951 953 942 951 940 314 303 305 314 305 316 303 294 305 338 336 327 338 347 336 325 327 336 250 259 248 250 261 259 270 259 261 182 171 173 184 182 173 162 173 171 215 217 226 215 206 217 228 226 217 193 195 204 184 195 193 206 204 195 50 52 61 72 61 63 72 63 74 52 63 61 94 83 85 94 85 96 74 85 83 160 149 151 563 569 568 568 569 573 563 561 569 575 573 569 528 569 559 561 559 569 575 569 577 766 777 775 786 775 777 766 775 764 1018 1020 1029 1009 1020 1018 1031 1029 1020 920 918 909 138 140 149 129 140 138 151 149 140 358 347 349 338 349 347 382 380 371 579 577 608 577 569 608 579 608 581 583 581 608 618 608 619 587 583 608 587 608 589 618 589 608 898 909 907 898 907 896 918 907 909 380 369 371 358 360 369 358 349 360 371 369 360 0 1 14 15 14 1 19 6 20 19 5 6 3 4 18 17 3 18 5 18 4 19 18 5 1077 1076 1062 1077 1062 1063 845 844 833 845 833 834 845 856 855 845 855 844 856 867 855 866 855 867 878 867 879 868 879 867 868 867 857 856 857 867 606 565 607 566 607 565 564 565 605 606 605 565 526 527 565 566 565 527 526 565 525 564 525 565 19 34 18 33 18 34 19 20 34 20 35 34 20 36 35 20 21 36 99 110 109 98 99 109 110 121 109 120 109 121 606 607 614 615 614 607 757 768 756 767 756 768 748 749 760 748 760 759 1039 1038 1028 1027 1028 1038 1027 1016 1028 1017 1028 1016 1067 1066 1051 1067 1051 1052 1039 1051 1038 1052 1051 1039 924 935 923 934 923 935 1015 1016 1026 1027 1026 1016 1025 1024 1014 1013 1014 1024 1015 1026 1014 1025 1014 1026 1002 1014 1013 1002 1003 1014 835 834 824 823 824 834 827 816 828 817 828 816 834 833 822 823 834 822 868 880 879 868 869 880 901 890 902 891 902 890 891 890 880 879 880 890 889 878 890 878 879 890 845 834 846 835 846 834 845 846 856 856 846 857 903 904 914 915 914 904 905 916 904 915 904 916 915 926 914 925 914 926 866 867 877 878 877 867 494 495 506 505 494 506 3 16 2 17 16 3 15 1 16 1 2 16 45 32 46 33 46 32 17 18 32 33 32 18 17 32 16 31 16 32 35 47 34 48 47 35 58 47 59 48 59 47 33 34 47 33 47 46 397 398 408 409 408 398 386 387 398 386 398 397 311 322 310 321 310 322 1047 1062 1061 1047 1061 1046 1076 1061 1062 1076 1075 1061 606 613 605 606 614 613 614 625 613 624 613 625 615 625 614 615 626 625 624 625 636 635 624 636 626 636 625 637 636 626 658 669 668 657 658 668 680 679 668 680 668 669 750 749 738 750 738 739 759 758 747 748 759 747 615 627 626 615 616 627 717 716 706 705 706 716 705 693 694 704 693 705 674 673 663 662 663 673 694 693 683 682 683 693 672 673 683 684 683 673 517 506 518 507 518 506 499 500 510 511 510 500 409 420 408 419 408 420 750 740 751 750 739 740 805 806 816 817 816 806 720 719 709 708 709 719 739 738 728 727 728 738 739 728 740 729 740 728 717 728 716 727 716 728 1077 1063 1078 1063 1064 1078 1079 1078 1065 1064 1065 1078 1066 1065 1051 1050 1051 1065 1080 1079 1065 1080 1065 1066 934 933 923 922 923 933 922 933 921 932 921 933 934 935 946 934 946 945 1047 1046 1034 1033 1034 1046 1038 1051 1037 1050 1037 1051 1027 1038 1037 1027 1037 1026 803 792 804 793 804 792 835 824 825 835 825 836 790 801 789 800 789 801 836 837 847 848 847 837 835 847 846 835 836 847 901 902 913 912 901 913 924 923 913 912 913 923 903 914 913 903 913 902 925 913 914 925 924 913 494 483 495 495 483 484 473 483 472 473 484 483 482 471 483 472 483 471 419 418 408 407 408 418 451 450 439 440 451 439 504 515 514 503 504 514 526 525 514 526 514 515 505 506 516 517 516 506 526 516 527 526 515 516 504 516 515 505 516 504 428 439 427 438 427 439 438 437 427 426 427 437 397 408 396 407 396 408 279 278 268 267 268 278 188 177 189 178 189 177 35 36 49 48 35 49 48 49 59 60 59 49 126 125 115 114 115 125 98 87 99 99 87 88 46 47 57 58 57 47 45 44 32 31 32 44 136 125 137 126 137 125 114 103 115 104 115 103 113 102 103 114 113 103 188 187 176 188 176 177 133 132 122 121 122 132 133 144 132 143 132 144 120 121 132 120 132 131 143 142 132 131 132 142 1074 1060 1075 1075 1060 1061 1046 1061 1060 1046 1060 1045 1045 1060 1044 1044 1060 1059 724 735 734 723 724 734 704 703 693 692 693 703 692 703 691 702 691 703 735 746 734 745 734 746 757 756 746 745 746 756 735 736 746 747 746 736 758 746 747 757 746 758 672 683 671 682 671 683 692 681 693 682 693 681 682 681 671 670 671 681 692 691 681 680 681 691 680 669 681 669 670 681 662 651 663 652 663 651 672 661 673 662 673 661 672 671 661 660 661 671 662 661 651 650 651 661 694 683 695 684 695 683 705 695 706 705 694 695 311 323 322 311 312 323 324 323 313 313 323 312 324 335 323 334 323 335 334 333 323 322 323 333 332 333 343 344 343 333 321 322 333 321 333 332 409 421 420 409 410 421 420 421 431 432 431 421 419 420 431 419 431 430 729 741 740 729 730 741 771 760 761 771 761 772 749 761 760 750 761 749 773 772 761 773 761 762 750 751 761 751 762 761 720 731 719 730 719 731 771 772 783 771 783 782 827 828 839 827 839 838 717 718 728 729 728 718 717 706 718 707 718 706 707 708 718 708 719 718 730 718 719 729 718 730 767 768 778 768 779 778 790 789 778 790 778 779 961 962 973 961 973 972 1003 1004 1014 1015 1014 1004 992 993 1004 992 1004 1003 959 970 958 969 958 970 934 944 933 934 945 944 922 911 923 912 923 911 1013 1024 1012 1023 1012 1024 1002 1013 1012 1002 1012 1001 945 956 944 955 944 956 945 946 956 957 956 946 1050 1065 1049 1064 1049 1065 793 792 781 793 781 782 803 804 815 814 803 815 805 816 815 805 815 804 803 802 792 791 792 802 790 802 801 791 802 790 874 885 873 884 873 885 859 870 858 869 858 870 868 857 858 868 858 869 848 859 858 848 858 847 857 846 858 846 847 858 884 883 873 872 873 883 894 883 895 884 895 883 926 927 937 938 937 927 915 916 927 915 927 926 889 888 878 878 888 877 482 470 471 482 481 470 473 472 461 473 461 462 451 461 450 451 462 461 473 474 484 484 474 485 428 429 439 440 439 429 419 429 418 419 430 429 494 493 483 482 483 493 505 493 494 505 504 493 482 493 481 481 493 492 503 493 504 503 492 493 404 393 405 394 405 393 279 280 290 291 290 280 232 221 233 222 233 221 232 233 243 244 243 233 88 77 78 88 78 89 110 111 121 121 111 122 98 86 87 98 97 86 45 46 56 46 57 56 169 158 170 159 170 158 102 92 103 91 92 102 104 103 92 93 104 92 98 109 108 98 108 97 97 108 96 107 96 108 177 176 165 166 177 165 386 397 385 397 396 385 344 333 345 334 345 333 334 335 345 346 345 335 344 355 343 354 343 355 344 345 355 356 355 345 200 189 190 201 200 190 203 214 213 203 213 202 660 649 661 650 661 649 635 636 647 635 647 646 657 647 658 657 646 647 637 647 636 637 648 647 660 671 659 670 659 671 648 659 647 658 647 659 658 659 669 669 659 670 660 659 649 648 649 659 723 712 724 724 712 713 705 716 715 704 705 715 727 715 716 727 726 715 680 690 679 680 691 690 727 738 737 727 737 726 748 737 749 749 737 738 748 747 737 747 736 737 511 522 510 521 510 522 520 529 528 520 521 529 521 522 529 530 529 522 650 640 651 639 640 650 616 628 627 617 628 616 639 628 640 629 640 628 617 618 628 618 629 628 521 509 510 520 509 521 495 484 496 484 485 496 495 496 506 507 506 496 466 477 465 476 465 477 773 784 772 772 784 783 851 850 840 840 850 839 817 806 818 806 807 818 706 695 696 707 706 696 972 973 984 983 972 984 983 984 994 995 994 984 961 972 971 961 971 960 959 971 970 959 960 971 959 948 960 949 960 948 938 948 937 938 949 948 932 933 943 933 944 943 922 921 910 922 910 911 889 900 888 899 888 900 889 890 900 901 900 890 911 910 900 899 900 910 912 900 901 912 911 900 1033 1022 1034 1023 1034 1022 957 968 956 967 956 968 969 968 958 957 958 968 979 968 980 969 980 968 955 956 966 967 966 956 1063 1062 1048 1047 1048 1062 1063 1048 1064 1064 1048 1049 790 779 780 791 790 780 792 780 781 791 780 792 836 825 826 836 826 837 827 838 826 837 826 838 814 815 826 814 826 825 827 826 816 816 826 815 823 822 812 811 812 822 800 801 812 800 812 811 851 840 852 840 841 852 851 852 862 863 862 852 874 873 862 874 862 863 905 904 893 905 893 894 884 885 896 884 896 895 938 927 939 928 939 927 928 929 939 940 939 929 471 470 460 459 460 470 472 471 460 472 460 461 476 464 465 475 464 476 407 406 396 395 396 406 394 406 405 394 395 406 274 284 273 274 285 284 295 284 296 285 296 284 273 284 272 283 272 284 299 300 310 311 310 300 279 268 269 279 269 280 268 257 269 258 269 257 274 275 285 286 285 275 58 59 69 59 70 69 58 69 57 68 57 69 60 71 59 59 71 70 68 69 79 80 79 69 90 79 91 91 79 80 89 78 79 90 89 79 122 111 112 122 112 123 78 67 79 68 79 67 66 67 77 77 67 78 57 67 56 68 67 57 13 29 28 14 29 13 56 67 55 66 55 67 45 55 44 45 56 55 166 167 177 178 177 167 136 137 147 148 147 137 159 158 147 159 147 148 136 147 135 146 135 147 80 69 81 70 81 69 70 71 81 82 81 71 93 92 81 93 81 82 91 81 92 91 80 81 130 129 119 118 119 129 120 131 119 131 130 119 107 108 119 118 107 119 120 119 109 109 119 108 187 175 176 186 175 187 186 185 175 174 175 185 152 141 153 142 153 141 131 142 141 131 141 130 321 309 310 321 320 309 394 393 382 394 382 383 386 385 374 386 374 375 394 383 384 394 384 395 385 384 374 373 374 384 396 384 385 395 384 396 340 351 339 350 339 351 378 390 389 379 390 378 432 422 433 432 421 422 410 422 421 410 411 422 378 389 388 378 388 377 346 357 345 356 345 357 178 179 189 189 179 190 225 236 224 235 224 236 214 224 213 225 224 214 201 212 200 211 200 212 202 213 212 201 202 212 639 638 628 627 628 638 637 626 638 626 627 638 650 649 638 639 650 638 648 638 649 637 638 648 702 703 714 702 714 713 704 714 703 704 715 714 676 675 664 676 664 665 674 663 664 674 664 675 654 665 664 654 664 653 652 664 663 652 653 664 621 609 610 621 620 609 652 651 641 651 640 641 507 496 508 497 508 496 507 508 518 519 518 508 520 508 509 520 519 508 509 508 498 497 498 508 499 510 498 510 509 498 497 496 486 485 486 496 497 486 498 487 498 486 485 474 486 475 486 474 475 476 486 476 487 486 466 478 477 466 467 478 499 498 488 487 488 498 476 477 488 476 488 487 440 441 451 451 441 452 440 429 441 430 441 429 453 441 442 453 452 441 430 431 441 431 442 441 434 445 444 433 434 444 797 785 786 796 785 797 730 742 741 730 731 742 793 794 804 805 804 794 782 783 794 793 782 794 848 837 849 837 838 849 838 839 849 839 850 849 840 829 841 830 841 829 828 829 839 840 839 829 830 829 819 818 819 829 817 829 828 817 818 829 684 673 685 674 685 673 684 685 695 695 685 696 708 697 709 709 697 698 707 697 708 707 696 697 1015 1005 1016 1015 1004 1005 1017 1016 1005 1006 1017 1005 993 1005 1004 993 994 1005 995 1005 994 1006 1005 995 983 994 982 993 982 994 983 982 972 972 982 971 957 946 947 957 947 958 959 958 947 959 947 948 955 954 944 944 954 943 1033 1032 1022 1021 1022 1032 1046 1045 1032 1033 1046 1032 1045 1044 1032 1044 1031 1032 1001 1012 1011 1000 1001 1011 1000 1011 999 1010 999 1011 1023 1011 1012 1023 1022 1011 1021 1011 1022 1010 1011 1021 1010 998 999 1010 1009 998 1002 991 1003 992 1003 991 987 988 998 999 998 988 1023 1024 1035 1023 1035 1034 1047 1034 1035 1047 1035 1048 771 770 760 759 760 770 771 782 770 782 781 770 814 813 803 803 813 802 824 813 825 814 825 813 801 802 813 801 813 812 823 813 824 823 812 813 869 881 880 869 870 881 928 927 917 916 917 927 961 960 950 949 950 960 938 950 949 938 939 950 438 449 437 448 437 449 450 449 439 438 439 449 459 449 460 459 448 449 450 461 449 461 460 449 451 463 462 451 452 463 473 462 463 473 463 474 453 463 452 453 464 463 475 463 464 475 474 463 426 416 427 415 416 426 404 405 416 415 404 416 295 294 284 283 284 294 338 327 339 328 339 327 251 262 261 251 261 250 273 272 261 273 261 262 291 301 290 291 302 301 313 312 301 313 301 302 311 301 312 311 300 301 300 289 301 290 301 289 277 278 289 288 277 289 279 289 278 279 290 289 299 289 300 288 289 299 235 236 246 247 246 236 258 257 246 247 258 246 186 196 185 186 197 196 251 250 239 251 239 240 229 239 228 229 240 239 200 199 189 188 189 199 229 230 240 241 240 230 288 276 277 288 287 276 286 275 276 286 276 287 277 276 266 265 266 276 267 278 266 277 266 278 88 89 100 99 88 100 99 100 110 110 100 111 66 65 55 54 55 65 31 30 16 15 16 30 15 30 14 14 30 29 155 144 156 145 156 144 166 156 167 166 155 156 123 112 124 113 124 112 114 124 113 114 125 124 136 124 125 136 135 124 135 134 124 123 124 134 133 134 144 145 144 134 133 122 134 122 123 134 146 134 135 145 134 146 166 165 154 166 154 155 143 144 154 155 154 144 143 154 142 142 154 153 165 164 154 153 154 164 176 164 165 176 175 164 340 339 329 328 329 339 286 297 285 285 297 296 386 376 387 386 375 376 377 388 376 387 376 388 356 357 367 368 367 357 379 378 367 379 367 368 356 367 355 355 367 366 378 377 367 377 366 367 373 384 372 383 372 384 362 351 363 352 363 351 352 353 363 364 363 353 373 363 374 373 362 363 375 374 363 375 363 364 433 422 423 433 423 434 411 423 422 411 412 423 409 398 399 409 399 410 387 399 398 387 388 399 203 202 191 203 191 192 201 190 191 201 191 202 235 223 224 234 223 235 222 223 233 234 233 223 213 224 223 213 223 212 211 212 223 211 223 222 713 712 701 702 713 701 702 701 691 691 701 690 726 737 725 736 725 737 724 725 735 735 725 736 726 725 715 715 725 714 724 713 725 713 714 725 530 570 529 571 570 530 610 609 570 571 610 570 621 631 620 621 632 631 499 489 500 499 488 489 477 478 489 477 489 488 466 455 467 456 467 455 445 455 444 456 455 445 432 443 431 431 443 442 432 433 443 433 444 443 773 774 784 784 774 785 773 762 774 762 763 774 741 742 752 753 752 742 751 740 752 740 741 752 753 764 752 763 752 764 751 752 762 762 752 763 796 795 785 784 785 795 806 795 807 796 807 795 783 784 795 783 795 794 805 795 806 805 794 795 859 860 870 871 870 860 848 860 859 848 849 860 796 797 808 796 808 807 807 808 818 818 808 819 674 675 686 674 686 685 676 686 675 676 687 686 696 685 686 696 686 697 698 697 686 687 698 686 969 970 981 969 981 980 992 991 981 980 981 991 970 971 981 971 982 981 992 981 993 993 981 982 925 926 936 926 937 936 925 936 924 924 936 935 937 948 936 948 947 936 935 936 946 946 936 947 955 966 965 955 965 954 1002 1001 990 1002 990 991 979 980 990 980 991 990 1000 999 989 999 988 989 1000 989 1001 1001 989 990 1050 1036 1037 1050 1049 1036 1025 1026 1036 1026 1037 1036 1049 1048 1036 1048 1035 1036 1025 1036 1024 1024 1036 1035 768 769 779 779 769 780 757 769 768 757 758 769 781 780 769 781 769 770 759 769 758 759 770 769 903 892 904 904 892 893 891 892 902 903 902 892 891 880 892 880 881 892 881 882 892 893 892 882 872 883 882 872 882 871 894 882 883 894 893 882 870 882 881 871 882 870 928 918 929 928 917 918 961 951 962 961 950 951 940 951 939 939 951 950 407 418 417 407 417 406 418 429 417 428 417 429 405 406 417 405 417 416 428 427 417 427 416 417 295 305 294 295 306 305 244 233 245 234 245 233 235 246 245 234 235 245 174 185 173 184 173 185 229 228 217 229 217 218 185 196 195 184 185 195 218 217 207 206 207 217 196 207 195 206 195 207 197 207 196 208 207 197 208 197 198 208 198 209 186 187 198 186 198 197 188 198 187 188 199 198 199 210 198 209 198 210 222 221 210 211 222 210 211 210 200 200 210 199 232 243 231 242 231 243 241 230 231 242 241 231 241 252 240 251 240 252 242 252 241 242 253 252 265 254 266 255 266 254 244 254 243 244 255 254 242 254 253 242 243 254 113 101 102 113 112 101 91 102 101 90 91 101 111 101 112 111 100 101 90 101 89 89 101 100 97 85 86 97 96 85 88 87 76 88 76 77 66 77 76 66 76 65 44 55 43 54 43 55 31 44 43 31 43 30 158 157 147 146 147 157 145 157 156 145 146 157 174 173 163 162 163 173 152 163 151 162 151 163 174 163 175 175 163 164 152 153 163 153 164 163 328 317 329 318 329 317 328 327 317 316 317 327 306 317 305 316 305 317 299 310 298 310 309 298 288 299 298 288 298 287 286 287 298 286 298 297 309 308 298 297 298 308 320 308 309 320 319 308 321 332 331 321 331 320 354 355 365 355 366 365 364 353 365 354 365 353 377 365 366 377 376 365 375 364 365 375 365 376 350 351 361 362 361 351 373 372 361 373 361 362 389 390 400 401 400 390 411 400 412 401 412 400 389 400 388 388 400 399 410 400 411 410 399 400 169 170 180 181 180 170 190 179 180 190 180 191 192 191 180 181 192 180 528 529 569 529 570 569 629 630 640 640 630 641 618 630 629 618 619 630 620 631 630 620 630 619 631 642 630 641 630 642 654 653 642 654 642 643 652 642 653 652 641 642 632 642 631 632 643 642 466 465 454 466 454 455 465 464 454 453 454 464 444 455 454 444 454 443 453 442 454 442 443 454 786 785 775 785 774 775 763 775 774 763 764 775 851 861 850 851 862 861 872 861 873 873 861 862 850 861 849 849 861 860 871 860 861 872 871 861 1021 1032 1020 1031 1020 1032 1010 1021 1020 1010 1020 1009 966 977 965 976 965 977 987 977 988 987 976 977 905 894 906 894 895 906 905 906 916 916 906 917 267 266 256 255 256 266 267 256 268 268 256 257 244 245 256 244 256 255 257 256 246 246 256 245 218 207 219 208 219 207 229 219 230 229 218 219 273 262 263 274 273 263 251 263 262 251 252 263 54 65 64 53 54 64 53 64 52 52 64 63 28 29 42 28 42 41 53 52 42 41 42 52 29 30 42 30 43 42 53 42 54 54 42 43 179 168 180 169 180 168 178 167 168 178 168 179 167 156 168 156 157 168 169 168 158 158 168 157 130 140 129 130 141 140 152 140 141 152 151 140 318 317 307 306 307 317 295 296 307 295 307 306 319 307 308 318 307 319 296 297 307 297 308 307 352 351 341 340 341 351 350 349 339 338 339 349 383 382 371 383 371 372 620 608 609 620 619 608 609 608 570 570 608 569 979 990 978 990 989 978 979 978 968 967 968 978 988 978 989 988 977 978 967 978 966 966 978 977 895 896 907 895 907 906 917 907 918 917 906 907 232 220 221 232 231 220 209 210 220 221 220 210 230 220 231 230 219 220 208 209 220 208 220 219 265 264 254 253 254 264 275 264 276 265 276 264 253 264 252 252 264 263 274 264 275 274 263 264 87 86 75 87 75 76 86 85 75 74 75 85 65 76 75 65 75 64 63 64 75 74 63 75 332 343 342 332 342 331 354 342 343 354 353 342 352 342 353 352 341 342 341 330 342 331 342 330 318 330 329 318 319 330 320 330 319 320 331 330 340 329 330 340 330 341 350 361 360 350 360 349 372 360 361 372 371 360 2148 2152 2150 2139 2148 2150 2133 2139 2137 2139 2133 2148 1095 1088 1090 1088 1095 1081 2135 2133 2137 1101 1091 1089 2152 2147 2154 2147 2152 2148 2147 2161 2154 2133 2124 2122 2135 2124 2133 1102 1104 1093 1091 1102 1093 1101 1102 1091 1087 1101 1089 1103 1094 1092 1092 1094 1090 1094 1095 1090 1107 1109 1105 1109 1103 1105 1109 1094 1103 2120 2133 2122 1109 1118 1120 1118 1109 1107 1631 1665 1645 1705 1703 1714 1716 1705 1714 1736 1747 1738 1914 1923 1925 1665 1686 1645 1631 1606 1604 1606 1631 1645 1117 1108 1106 1117 1119 1108 1104 1117 1106 1102 1117 1104 1119 1117 1121 1727 1736 1738 1697 1688 1696 1679 1697 1698 1837 1826 1835 1846 1837 1835 1837 1846 1848 1826 1824 1835 1760 1758 1769 1600 1609 1601 1609 1600 1628 1600 1626 1628 1879 1870 1868 1870 1879 1881 1890 1892 1881 1879 1890 1881 1892 1890 1901 1846 1857 1848 2078 2076 2087 2013 2002 2011 1903 1892 1901 1934 1936 1925 1923 1934 1925 1956 1958 1947 2136 2125 2134 2125 2123 2134 2138 2125 2136 2123 2125 2121 1629 1608 1633 1692 1686 1665 1229 1231 1220 1231 1229 1240 1251 1262 1253 1262 1264 1253 1286 1275 1284 1694 1692 1703 1705 1694 1703 1692 1694 1686 1725 1716 1714 1727 1725 1736 1725 1727 1716 1759 1748 1757 1735 1737 1726 1697 1677 1675 1679 1677 1697 1802 1813 1804 1758 1749 1747 1747 1749 1738 1749 1758 1760 1372 1383 1374 1396 1394 1405 1407 1396 1405 1418 1427 1429 1599 1618 1600 1699 1680 1698 1636 1638 1609 1594 1583 1592 1581 1583 1572 1583 1581 1592 1768 1759 1757 2109 2100 2098 2067 2076 2078 2002 2000 2011 1912 1923 1914 1903 1912 1914 1912 1903 1901 1936 1945 1947 1945 1956 1947 1934 1945 1936 1967 1958 1956 2140 2138 2149 2140 2125 2138 2151 2140 2149 1608 1627 1598 1598 1627 1625 1629 1627 1608 1688 1657 1647 1604 1595 1593 1595 1584 1593 1606 1595 1604 1597 1608 1598 1485 1494 1496 1518 1516 1527 1529 1518 1527 1516 1518 1507 1143 1132 1141 1130 1132 1121 1117 1130 1121 1132 1130 1141 1185 1196 1187 1196 1198 1187 1198 1196 1207 1176 1165 1174 1185 1176 1174 1176 1185 1187 1122 1109 1120 1218 1229 1220 1462 1451 1460 1363 1372 1374 1361 1363 1352 1363 1361 1372 1306 1317 1308 1242 1231 1240 1251 1242 1240 1242 1251 1253 1275 1273 1284 1264 1273 1275 1273 1264 1262 1295 1286 1284 2141 2153 2155 2141 2151 2153 2141 2140 2151 1724 1735 1726 1724 1715 1713 1715 1724 1726 1673 1697 1675 1673 1671 1697 1815 1813 1824 1815 1824 1826 1813 1815 1804 1737 1746 1748 1748 1746 1757 1746 1737 1735 1383 1385 1374 1385 1383 1394 1396 1385 1394 1416 1418 1407 1416 1407 1405 1418 1416 1427 1623 1598 1625 1617 1599 1598 1619 1617 1598 1614 1599 1612 1611 1632 1605 1632 1611 1652 1693 1691 1702 1638 1640 1609 1634 1636 1609 1812 1803 1801 1911 1922 1913 1803 1792 1801 1792 1790 1801 1790 1792 1781 1779 1790 1781 1859 1857 1868 1870 1859 1868 1857 1859 1848 2098 2089 2087 2089 2078 2087 2100 2089 2098 2111 2109 2120 2111 2120 2122 2111 2100 2109 2043 2054 2045 1989 1980 1978 2034 2043 2045 1955 1966 1957 1946 1955 1957 1944 1946 1935 1946 1944 1955 1969 1967 1978 1980 1969 1978 1967 1969 1958 1551 1560 1562 1573 1582 1584 1584 1582 1593 1529 1538 1540 1538 1529 1527 1643 1641 1647 1639 1608 1647 1641 1639 1647 1655 1653 1647 1657 1655 1647 1485 1483 1494 1483 1474 1472 1474 1483 1485 1505 1516 1507 1494 1505 1496 1505 1507 1496 1330 1339 1341 1339 1330 1328 1163 1165 1154 1165 1163 1174 1218 1209 1207 1209 1198 1207 1209 1218 1220 1188 1197 1199 1197 1208 1199 1208 1210 1199 1451 1449 1460 1330 1319 1328 1319 1317 1328 1317 1319 1308 1297 1306 1308 1295 1297 1286 1297 1295 1306 1704 1693 1702 1713 1704 1702 1715 1704 1713 1685 1683 1698 1684 1685 1698 1670 1672 1699 1793 1802 1804 1780 1771 1769 1771 1760 1769 1621 1619 1598 1623 1621 1598 1599 1613 1612 1600 1624 1626 1622 1624 1600 1618 1620 1600 1620 1622 1600 1599 1616 1618 1614 1616 1599 1594 1603 1605 1603 1594 1592 1603 1611 1605 1666 1632 1652 1691 1666 1652 1666 1691 1693 1630 1609 1628 1630 1634 1609 1537 1539 1528 1539 1548 1550 1548 1539 1537 1526 1537 1528 1867 1878 1869 1812 1814 1803 1878 1880 1869 1902 1911 1913 1922 1924 1913 1779 1770 1768 1768 1770 1759 1770 1779 1781 2067 2065 2076 1991 1989 2000 1991 2000 2002 1989 1991 1980 2125 2112 2121 2057 2066 2068 1966 1968 1957 1924 1933 1935 1933 1944 1935 1933 1924 1922 1968 1977 1979 1977 1968 1966 2012 2021 2023 2010 2012 2001 2012 2010 2021 1571 1573 1562 1560 1571 1562 1571 1582 1573 1549 1551 1540 1551 1549 1560 1538 1549 1540 1639 1637 1608 1653 1648 1647 1648 1643 1647 1697 1669 1688 1671 1669 1697 1659 1657 1688 1667 1663 1688 1669 1667 1688 1397 1395 1406 1364 1362 1373 1362 1353 1351 1353 1362 1364 1350 1352 1341 1350 1361 1352 1339 1350 1341 1263 1274 1265 1143 1152 1154 1152 1143 1141 1152 1163 1154 1131 1122 1120 1177 1186 1188 1186 1177 1175 1186 1197 1188 1219 1210 1208 1474 1463 1472 1484 1473 1482 1471 1473 1462 1471 1462 1460 1473 1471 1482 1484 1493 1495 1493 1484 1482 1440 1449 1451 1438 1440 1429 1427 1438 1429 1440 1438 1449 1681 1679 1698 1683 1681 1698 1680 1682 1698 1682 1684 1698 1699 1678 1680 1676 1678 1699 1672 1674 1699 1674 1676 1699 1793 1791 1802 1617 1615 1599 1615 1613 1599 1559 1561 1550 1548 1559 1550 1517 1506 1515 1526 1517 1515 1517 1526 1528 1858 1867 1869 1834 1836 1825 1814 1823 1825 1823 1834 1825 1823 1814 1812 1900 1902 1891 1902 1900 1911 2065 2056 2054 2054 2056 2045 2056 2065 2067 2035 2033 2044 2033 2035 2024 2090 2079 2088 2099 2090 2088 2055 2066 2057 1608 1635 1633 1637 1635 1608 1663 1661 1688 1661 1659 1688 1384 1375 1373 1375 1364 1373 1408 1397 1406 1353 1342 1351 1252 1243 1241 1287 1285 1296 1309 1307 1318 1329 1320 1318 1320 1309 1318 1320 1329 1331 1131 1133 1122 1164 1155 1153 1243 1232 1241 1463 1461 1472 1504 1506 1495 1506 1504 1515 1493 1504 1495 1791 1782 1780 1782 1771 1780 1782 1791 1793 1561 1570 1572 1570 1581 1572 1559 1570 1561 1836 1845 1847 1845 1836 1834 1880 1889 1891 1889 1880 1878 1889 1900 1891 2022 2024 2013 2022 2013 2011 2022 2033 2024 2055 2046 2044 2046 2035 2044 2046 2055 2057 2066 2077 2068 2079 2077 2088 2077 2079 2068 2112 2110 2121 1999 2010 2001 2032 2034 2023 2034 2032 2043 2021 2032 2023 1386 1384 1395 1397 1386 1395 1386 1375 1384 1408 1417 1419 1417 1428 1419 1417 1408 1406 1329 1340 1331 1340 1342 1331 1342 1340 1351 1254 1252 1263 1254 1263 1265 1252 1254 1243 1307 1298 1296 1298 1287 1296 1298 1307 1309 1285 1276 1274 1274 1276 1265 1276 1285 1287 1142 1133 1131 1144 1142 1153 1155 1144 1153 1142 1144 1133 1166 1164 1175 1177 1166 1175 1164 1166 1155 1232 1230 1241 1649 1650 1644 1654 1650 1649 1650 1642 1644 1650 1654 1656 1640 1650 1609 1650 1640 1642 1658 1650 1656 1856 1858 1847 1858 1856 1867 1845 1856 1847 2110 2101 2099 2099 2101 2090 2101 2110 2112 1990 1999 2001 1230 1221 1219 1219 1221 1210 1221 1230 1232 1430 1428 1439 1428 1430 1419 1452 1461 1463 1689 1658 1660 1689 1650 1658 1662 1689 1660 1689 1662 1664 1700 1689 1699 1689 1664 1668 1670 1689 1668 1689 1670 1699 1988 1990 1979 1977 1988 1979 1990 1988 1999 1452 1450 1461 1450 1441 1439 1441 1430 1439 1441 1450 1452 1095 1082 1081 1082 1095 1096 1101 1087 1100 1087 1086 1100 1099 1085 1084 1099 1084 1098 1085 1099 1086 1086 1099 1100 2143 2157 2158 2144 2143 2158 1914 1925 1926 1915 1914 1926 1936 1937 1926 1925 1936 1926 1936 1948 1937 1948 1936 1947 1960 1948 1959 1948 1960 1949 1938 1948 1949 1948 1938 1937 1688 1646 1687 1646 1688 1647 1686 1646 1645 1646 1686 1687 1646 1608 1607 1608 1646 1647 1606 1646 1607 1646 1606 1645 1099 1115 1100 1115 1099 1114 1115 1101 1100 1115 1116 1101 1116 1117 1101 1117 1102 1101 1190 1191 1180 1190 1180 1179 1190 1202 1191 1202 1190 1201 1695 1688 1687 1688 1695 1696 1837 1849 1838 1849 1837 1848 1841 1830 1829 1840 1841 1829 2109 2119 2120 2119 2109 2108 2109 2097 2108 2097 2109 2098 2132 2147 2148 2133 2132 2148 2119 2132 2120 2120 2132 2133 2004 2016 2005 2016 2004 2015 2107 2097 2096 2097 2107 2108 2095 2105 2106 2105 2095 2094 2095 2107 2096 2107 2095 2106 2094 2095 2083 2095 2084 2083 1905 1915 1916 1915 1905 1904 1909 1897 1908 1897 1909 1898 1903 1914 1915 1903 1915 1904 1960 1961 1949 1961 1950 1949 1983 1971 1982 1971 1983 1972 1961 1971 1972 1971 1961 1960 1971 1959 1970 1971 1960 1959 1927 1915 1926 1915 1927 1916 1937 1927 1926 1938 1927 1937 1995 1985 1984 1985 1995 1996 1985 1997 1986 1997 1985 1996 1995 2007 1996 2007 1995 2006 1958 1948 1947 1948 1958 1959 1587 1576 1575 1587 1575 1586 1083 1097 1084 1084 1097 1098 1097 1082 1096 1097 1083 1082 1127 1113 1126 1113 1127 1114 1113 1099 1098 1099 1113 1114 1097 1113 1098 1113 1097 1112 1115 1128 1116 1116 1128 1129 1140 1128 1139 1128 1140 1129 1128 1115 1114 1127 1128 1114 1489 1479 1478 1479 1489 1490 1479 1468 1467 1478 1479 1467 1391 1403 1392 1403 1391 1402 2142 2143 2128 2127 2142 2128 2143 2142 2157 2142 2156 2157 1686 1694 1687 1694 1695 1687 1694 1706 1695 1706 1694 1705 1695 1706 1696 1706 1707 1696 1717 1706 1705 1717 1705 1716 1706 1717 1707 1707 1717 1718 1749 1750 1739 1749 1739 1738 1749 1760 1761 1750 1749 1761 1819 1830 1831 1820 1819 1831 1828 1839 1840 1828 1840 1829 1707 1708 1696 1708 1697 1696 1787 1797 1798 1797 1787 1786 1775 1774 1786 1786 1774 1785 1744 1754 1755 1754 1744 1743 1764 1774 1775 1774 1764 1763 1764 1754 1753 1754 1764 1765 1599 1587 1598 1587 1599 1588 1591 1581 1580 1581 1591 1592 1489 1501 1490 1501 1489 1500 1832 1821 1831 1821 1820 1831 1897 1887 1886 1887 1897 1898 1790 1800 1801 1800 1790 1789 1809 1819 1820 1819 1809 1808 1821 1809 1820 1809 1821 1810 1797 1809 1798 1809 1797 1808 2159 2144 2158 2159 2145 2144 2146 2159 2160 2159 2146 2145 2132 2146 2147 2146 2132 2131 2146 2160 2161 2147 2146 2161 2004 2014 2015 2014 2004 2003 2002 2014 2003 2014 2002 2013 2027 2016 2015 2026 2027 2015 2115 2127 2128 2127 2115 2114 2118 2132 2119 2132 2118 2131 2118 2119 2108 2107 2118 2108 1885 1873 1884 1873 1885 1874 1906 1905 1916 1917 1906 1916 1870 1882 1871 1882 1870 1881 1928 1918 1917 1918 1928 1929 1927 1928 1916 1928 1917 1916 1994 1983 1982 1994 1982 1993 1994 2004 2005 2004 1994 1993 1994 1995 1984 1983 1994 1984 1995 1994 2006 1994 2005 2006 1576 1564 1575 1565 1564 1576 1553 1564 1554 1564 1565 1554 1564 1552 1563 1552 1564 1553 1489 1499 1500 1499 1489 1488 1520 1531 1532 1520 1532 1521 1595 1596 1585 1595 1585 1584 1595 1606 1607 1596 1595 1607 1597 1587 1586 1587 1597 1598 1608 1597 1607 1597 1596 1607 1596 1597 1585 1585 1597 1586 1508 1520 1509 1520 1508 1519 1508 1518 1519 1518 1508 1507 1477 1489 1478 1489 1477 1488 1349 1359 1360 1359 1349 1348 1270 1258 1269 1258 1270 1259 1130 1117 1116 1130 1116 1129 1140 1130 1129 1130 1140 1141 1196 1206 1207 1206 1196 1195 1180 1168 1179 1169 1168 1180 1138 1128 1127 1128 1138 1139 1113 1125 1126 1125 1113 1112 1218 1206 1217 1206 1218 1207 1196 1184 1195 1184 1196 1185 1184 1183 1194 1184 1194 1195 1257 1268 1269 1258 1257 1269 1203 1213 1214 1213 1203 1202 1213 1225 1214 1225 1213 1224 1213 1202 1201 1212 1213 1201 1213 1223 1224 1223 1213 1212 2156 2141 2155 2142 2141 2156 2141 2142 2127 2126 2141 2127 2125 2141 2126 2140 2141 2125 1815 1816 1805 1815 1805 1804 1774 1784 1785 1784 1774 1773 1772 1784 1773 1784 1772 1783 1815 1827 1816 1827 1815 1826 1827 1837 1838 1837 1827 1826 1827 1817 1816 1817 1827 1828 1828 1827 1839 1839 1827 1838 1752 1764 1753 1764 1752 1763 1774 1762 1773 1762 1774 1763 1752 1762 1763 1762 1752 1751 1762 1772 1773 1772 1762 1761 1762 1750 1761 1762 1751 1750 1744 1732 1743 1732 1744 1733 1754 1742 1753 1742 1754 1743 1742 1752 1753 1752 1742 1741 1732 1742 1743 1742 1732 1731 1776 1764 1775 1764 1776 1765 1787 1776 1786 1776 1775 1786 1403 1404 1392 1404 1393 1392 1394 1404 1405 1393 1404 1394 1404 1416 1405 1416 1404 1415 1404 1414 1415 1414 1404 1403 1424 1414 1413 1414 1424 1425 1414 1403 1402 1413 1414 1402 1501 1502 1490 1502 1491 1490 1512 1502 1501 1502 1512 1513 1512 1501 1500 1511 1512 1500 1821 1822 1810 1822 1811 1810 1842 1841 1852 1853 1842 1852 1841 1842 1830 1830 1842 1831 1842 1853 1854 1843 1842 1854 1842 1832 1831 1842 1843 1832 1800 1812 1801 1812 1800 1811 1864 1853 1852 1863 1864 1852 1920 1909 1908 1919 1920 1908 1809 1799 1798 1799 1809 1810 1799 1787 1798 1787 1799 1788 1799 1789 1788 1799 1800 1789 1800 1799 1811 1811 1799 1810 1859 1849 1848 1859 1860 1849 1859 1870 1871 1860 1859 1871 2054 2043 2042 2053 2054 2042 2095 2085 2084 2085 2095 2096 2085 2074 2073 2084 2085 2073 2039 2051 2040 2051 2039 2050 2014 2025 2015 2025 2026 2015 2004 1992 2003 1992 2004 1993 2093 2105 2094 2105 2093 2104 2093 2094 2083 2082 2093 2083 2025 2037 2026 2037 2025 2036 2037 2027 2026 2027 2037 2038 2130 2146 2131 2146 2130 2145 1862 1873 1874 1863 1862 1874 1896 1885 1884 1896 1884 1895 1896 1897 1886 1885 1896 1886 1873 1883 1884 1883 1873 1872 1882 1883 1871 1871 1883 1872 1954 1966 1955 1966 1954 1965 1939 1951 1940 1951 1939 1950 1939 1938 1949 1950 1939 1949 1939 1940 1929 1928 1939 1929 1939 1927 1938 1939 1928 1927 1954 1964 1965 1964 1954 1953 1976 1964 1975 1964 1976 1965 2018 2008 2007 2008 2018 2019 2008 1997 1996 2007 2008 1996 1959 1969 1970 1958 1969 1959 1552 1551 1563 1551 1562 1563 1542 1553 1554 1543 1542 1554 1531 1542 1532 1542 1543 1532 1565 1555 1554 1566 1555 1565 1520 1510 1509 1510 1520 1521 1499 1510 1500 1510 1511 1500 1564 1574 1575 1574 1564 1563 1575 1574 1586 1574 1585 1586 1562 1574 1563 1573 1574 1562 1585 1574 1584 1574 1573 1584 1486 1474 1485 1474 1486 1475 1371 1361 1360 1361 1371 1372 1314 1302 1313 1302 1314 1303 1324 1314 1313 1314 1324 1325 1159 1158 1169 1170 1159 1169 1202 1192 1191 1203 1192 1202 1168 1167 1179 1167 1178 1179 1137 1127 1126 1137 1138 1127 1251 1239 1250 1239 1251 1240 1184 1173 1183 1183 1173 1172 1173 1184 1185 1173 1185 1174 1189 1190 1179 1178 1189 1179 1177 1189 1178 1189 1177 1188 1246 1257 1258 1246 1258 1247 1466 1478 1467 1466 1477 1478 1426 1414 1425 1414 1426 1415 1426 1416 1415 1416 1426 1427 1424 1436 1425 1436 1424 1435 1436 1426 1425 1426 1436 1437 1271 1270 1281 1271 1281 1282 1294 1295 1284 1283 1294 1284 1742 1730 1741 1730 1742 1731 1728 1717 1716 1727 1728 1716 1739 1728 1738 1728 1727 1738 1717 1728 1718 1728 1729 1718 1740 1752 1741 1752 1740 1751 1728 1740 1729 1740 1728 1739 1750 1740 1739 1751 1740 1750 1730 1740 1741 1740 1730 1729 1805 1793 1804 1794 1793 1805 1796 1797 1786 1796 1786 1785 1797 1796 1808 1796 1807 1808 1760 1771 1761 1771 1772 1761 1818 1819 1808 1807 1818 1808 1830 1818 1829 1819 1818 1830 1818 1828 1829 1818 1817 1828 1591 1603 1592 1603 1591 1602 1609 1610 1601 1610 1602 1601 1610 1603 1602 1603 1610 1611 1732 1721 1731 1731 1721 1720 1708 1709 1697 1697 1709 1698 1721 1709 1720 1709 1721 1710 1709 1699 1698 1709 1710 1699 1591 1590 1602 1602 1590 1601 1577 1565 1576 1577 1566 1565 1587 1577 1576 1577 1587 1588 1546 1558 1547 1558 1546 1557 1853 1865 1854 1864 1865 1853 1921 1931 1932 1920 1931 1921 1899 1887 1898 1899 1888 1887 1777 1776 1787 1777 1787 1788 2065 2054 2053 2065 2053 2064 2075 2065 2064 2065 2075 2076 2052 2053 2042 2041 2052 2042 2051 2052 2040 2052 2041 2040 2041 2029 2040 2029 2041 2030 2018 2029 2019 2029 2030 2019 2024 2014 2013 2024 2025 2014 1991 2002 2003 1992 1991 2003 1969 1981 1970 1981 1969 1980 1981 1971 1970 1971 1981 1982 1981 1991 1992 1991 1981 1980 1982 1981 1993 1981 1992 1993 2115 2103 2114 2103 2115 2104 2037 2049 2038 2049 2037 2048 2039 2049 2050 2049 2039 2038 2061 2049 2060 2049 2061 2050 2047 2037 2036 2037 2047 2048 2129 2143 2144 2143 2129 2128 2145 2129 2144 2130 2129 2145 1861 1860 1871 1861 1871 1872 1862 1861 1873 1873 1861 1872 1907 1906 1917 1918 1907 1917 1907 1919 1908 1919 1907 1918 1907 1896 1895 1906 1907 1895 1897 1907 1908 1896 1907 1897 1893 1903 1904 1903 1893 1892 1893 1882 1881 1892 1893 1881 1933 1921 1932 1933 1922 1921 1943 1933 1932 1933 1943 1944 1943 1954 1955 1944 1943 1955 1974 1985 1986 1975 1974 1986 1977 1966 1965 1976 1977 1965 2020 2008 2019 2008 2020 2009 2020 2010 2009 2010 2020 2021 1541 1551 1552 1551 1541 1540 1541 1552 1553 1542 1541 1553 1546 1545 1557 1557 1545 1556 1477 1487 1488 1487 1477 1476 1486 1487 1475 1487 1476 1475 1354 1365 1355 1365 1366 1355 1377 1365 1376 1365 1377 1366 1353 1365 1354 1365 1353 1364 1391 1381 1380 1381 1391 1392 1350 1349 1360 1361 1350 1360 1350 1338 1349 1338 1350 1339 1366 1356 1355 1356 1366 1367 1150 1140 1139 1150 1151 1140 1138 1150 1139 1150 1138 1149 1140 1152 1141 1151 1152 1140 1160 1150 1149 1150 1160 1161 1172 1160 1171 1161 1160 1172 1160 1159 1170 1160 1170 1171 1193 1192 1203 1204 1193 1203 1160 1148 1159 1148 1160 1149 1158 1148 1147 1159 1148 1158 1137 1148 1138 1138 1148 1149 1109 1110 1094 1094 1110 1095 1136 1148 1137 1148 1136 1147 1125 1136 1126 1136 1137 1126 1258 1248 1247 1248 1258 1259 1228 1218 1217 1218 1228 1229 1228 1239 1240 1229 1228 1240 1216 1228 1217 1228 1216 1227 1162 1150 1161 1150 1162 1151 1162 1152 1151 1152 1162 1163 1162 1173 1174 1163 1162 1174 1173 1162 1172 1162 1161 1172 1200 1210 1211 1210 1200 1199 1200 1212 1201 1200 1211 1212 1200 1189 1188 1200 1188 1199 1190 1200 1201 1189 1200 1190 1257 1256 1268 1268 1256 1267 1256 1266 1267 1266 1256 1255 1234 1222 1233 1222 1234 1223 1222 1223 1212 1211 1222 1212 1391 1390 1402 1390 1401 1402 1463 1474 1475 1464 1463 1475 1455 1466 1467 1456 1455 1467 1465 1464 1475 1476 1465 1475 1455 1465 1466 1465 1455 1454 1466 1465 1477 1477 1465 1476 1420 1432 1421 1432 1420 1431 1470 1471 1459 1459 1471 1460 1514 1503 1513 1503 1502 1513 1502 1503 1491 1503 1492 1491 1469 1470 1459 1458 1469 1459 1426 1438 1427 1438 1426 1437 1270 1260 1259 1271 1260 1270 1305 1317 1306 1317 1305 1316 1294 1305 1295 1295 1305 1306 1281 1293 1282 1293 1281 1292 1293 1294 1283 1293 1283 1282 1709 1719 1720 1719 1709 1708 1719 1707 1718 1719 1708 1707 1719 1730 1731 1719 1731 1720 1730 1719 1729 1729 1719 1718 1795 1784 1783 1794 1795 1783 1784 1795 1785 1795 1796 1785 1745 1756 1757 1746 1745 1757 1745 1744 1755 1756 1745 1755 1745 1746 1735 1734 1745 1735 1744 1745 1733 1745 1734 1733 1691 1690 1702 1690 1701 1702 1722 1732 1733 1722 1721 1732 1589 1577 1588 1577 1589 1578 1599 1589 1588 1589 1599 1600 1590 1589 1601 1589 1600 1601 1579 1589 1590 1589 1579 1578 1579 1591 1580 1579 1590 1591 1567 1577 1578 1577 1567 1566 1579 1567 1578 1567 1579 1568 1567 1555 1566 1555 1567 1556 1567 1557 1556 1567 1568 1557 1558 1559 1547 1559 1548 1547 1569 1579 1580 1579 1569 1568 1569 1558 1557 1568 1569 1557 1532 1522 1521 1533 1522 1532 1522 1510 1521 1510 1522 1511 1523 1522 1534 1522 1533 1534 1522 1512 1511 1522 1523 1512 1525 1526 1515 1525 1515 1514 1867 1866 1878 1878 1866 1877 1822 1823 1811 1823 1812 1811 1885 1875 1874 1875 1885 1886 1875 1864 1863 1875 1863 1874 1930 1918 1929 1930 1919 1918 1930 1920 1919 1930 1931 1920 1922 1910 1921 1910 1922 1911 1920 1910 1909 1910 1920 1921 1900 1910 1911 1910 1900 1899 1909 1910 1898 1910 1899 1898 1766 1754 1765 1754 1766 1755 1776 1766 1765 1777 1766 1776 1790 1778 1789 1779 1778 1790 1789 1778 1788 1778 1777 1788 2097 2086 2096 2086 2085 2096 2086 2097 2098 2086 2098 2087 2085 2086 2074 2086 2075 2074 2075 2086 2076 2076 2086 2087 2063 2075 2064 2075 2063 2074 2053 2063 2064 2052 2063 2053 2028 2027 2038 2039 2028 2038 2028 2039 2040 2029 2028 2040 2025 2035 2036 2024 2035 2025 2103 2113 2114 2113 2103 2102 2113 2126 2127 2113 2127 2114 2113 2125 2126 2113 2112 2125 2092 2093 2082 2092 2082 2081 2080 2092 2081 2092 2080 2091 2093 2092 2104 2092 2103 2104 2103 2092 2102 2102 2092 2091 2080 2079 2091 2079 2090 2091 2084 2072 2083 2072 2084 2073 2079 2069 2068 2069 2079 2080 2116 2105 2104 2115 2116 2104 2116 2115 2128 2129 2116 2128 1841 1851 1852 1851 1841 1840 1851 1863 1852 1851 1862 1863 1884 1894 1895 1883 1894 1884 1906 1894 1905 1894 1906 1895 1894 1883 1882 1893 1894 1882 1905 1894 1904 1894 1893 1904 1961 1962 1950 1962 1951 1950 1998 2008 2009 2008 1998 1997 2031 2041 2042 2041 2031 2030 2030 2031 2019 2031 2020 2019 1518 1530 1519 1530 1518 1529 1520 1530 1531 1530 1520 1519 1541 1530 1540 1530 1529 1540 1530 1542 1531 1530 1541 1542 1543 1544 1532 1544 1533 1532 1544 1543 1554 1555 1544 1554 1533 1544 1534 1544 1545 1534 1545 1544 1556 1544 1555 1556 1508 1497 1507 1507 1497 1496 1497 1486 1485 1497 1485 1496 1365 1375 1376 1375 1365 1364 1420 1408 1419 1408 1420 1409 1342 1343 1332 1331 1342 1332 1342 1353 1354 1343 1342 1354 1371 1382 1372 1382 1383 1372 1382 1393 1394 1383 1382 1394 1393 1382 1392 1382 1381 1392 1382 1370 1381 1370 1382 1371 1370 1359 1358 1370 1358 1369 1359 1370 1360 1370 1371 1360 1381 1370 1380 1380 1370 1369 1327 1317 1316 1317 1327 1328 1327 1338 1339 1327 1339 1328 1266 1277 1267 1277 1278 1267 1320 1331 1332 1321 1320 1332 1309 1320 1310 1320 1321 1310 1270 1280 1281 1280 1270 1269 1321 1311 1310 1311 1321 1322 1358 1357 1369 1357 1368 1369 1357 1356 1367 1368 1357 1367 1347 1357 1358 1357 1347 1346 1347 1359 1348 1359 1347 1358 1181 1170 1169 1181 1169 1180 1191 1181 1180 1192 1181 1191 1136 1146 1147 1146 1136 1135 1097 1111 1112 1111 1097 1096 1095 1111 1096 1110 1111 1095 1237 1225 1236 1225 1237 1226 1248 1237 1247 1237 1236 1247 1205 1193 1204 1193 1205 1194 1194 1205 1195 1205 1206 1195 1206 1205 1217 1205 1216 1217 1205 1215 1216 1215 1205 1204 1225 1215 1214 1215 1225 1226 1215 1203 1214 1215 1204 1203 1216 1215 1227 1227 1215 1226 1235 1246 1247 1236 1235 1247 1235 1225 1224 1225 1235 1236 1223 1235 1224 1234 1235 1223 1235 1245 1246 1245 1235 1234 1246 1245 1257 1245 1256 1257 1410 1420 1421 1420 1410 1409 1366 1378 1367 1377 1378 1366 1468 1457 1467 1457 1456 1467 1457 1469 1458 1469 1457 1468 1448 1438 1437 1438 1448 1449 1448 1459 1460 1449 1448 1460 1436 1448 1437 1447 1448 1436 1448 1458 1459 1448 1447 1458 1453 1465 1454 1465 1453 1464 1444 1432 1443 1432 1444 1433 1444 1434 1433 1434 1444 1445 1455 1444 1454 1444 1443 1454 1444 1455 1456 1445 1444 1456 1504 1503 1514 1515 1504 1514 1503 1504 1492 1504 1493 1492 1480 1479 1490 1491 1480 1490 1479 1480 1468 1480 1469 1468 1272 1283 1284 1273 1272 1284 1272 1271 1282 1283 1272 1282 1305 1304 1316 1316 1304 1315 1314 1304 1303 1304 1314 1315 1304 1305 1294 1293 1304 1294 1304 1293 1292 1303 1304 1292 1782 1793 1794 1782 1794 1783 1772 1782 1783 1771 1782 1772 1806 1818 1807 1818 1806 1817 1816 1806 1805 1817 1806 1816 1796 1806 1807 1795 1806 1796 1806 1794 1805 1806 1795 1794 1610 1651 1611 1611 1651 1652 1651 1690 1691 1651 1691 1652 1701 1712 1702 1712 1713 1702 1581 1570 1580 1570 1569 1580 1570 1559 1558 1569 1570 1558 1548 1536 1547 1536 1548 1537 1525 1536 1526 1526 1536 1537 1512 1524 1513 1523 1524 1512 1524 1514 1513 1524 1525 1514 1865 1855 1854 1866 1855 1865 1855 1843 1854 1855 1844 1843 1833 1823 1822 1823 1833 1834 1833 1821 1832 1833 1822 1821 1833 1845 1834 1845 1833 1844 1843 1833 1832 1844 1833 1843 1866 1876 1877 1876 1866 1865 1888 1876 1887 1876 1888 1877 1876 1865 1864 1875 1876 1864 1887 1876 1886 1876 1875 1886 1951 1941 1940 1941 1951 1952 1940 1941 1929 1941 1930 1929 1889 1878 1877 1888 1889 1877 1899 1889 1888 1900 1889 1899 1767 1756 1755 1766 1767 1755 1756 1767 1757 1767 1768 1757 1767 1766 1777 1778 1767 1777 1767 1778 1779 1767 1779 1768 2062 2051 2050 2061 2062 2050 2062 2072 2073 2072 2062 2061 2062 2052 2051 2062 2063 2052 2074 2062 2073 2063 2062 2074 2017 2007 2006 2017 2018 2007 2005 2017 2006 2016 2017 2005 2017 2029 2018 2017 2028 2029 2027 2017 2016 2028 2017 2027 2046 2047 2036 2035 2046 2036 2071 2082 2083 2072 2071 2083 2071 2061 2060 2071 2072 2061 2070 2080 2081 2070 2069 2080 2082 2070 2081 2071 2070 2082 2118 2117 2131 2117 2130 2131 2117 2107 2106 2117 2118 2107 2117 2129 2130 2117 2116 2129 2105 2117 2106 2116 2117 2105 1860 1850 1849 1861 1850 1860 1849 1850 1838 1850 1839 1838 1850 1861 1862 1851 1850 1862 1839 1850 1840 1850 1851 1840 1985 1973 1984 1974 1973 1985 1983 1973 1972 1973 1983 1984 1973 1961 1972 1973 1962 1961 1973 1963 1962 1963 1973 1974 1963 1964 1953 1952 1963 1953 1964 1963 1975 1963 1974 1975 1962 1963 1951 1951 1963 1952 2010 1999 2009 1999 1998 2009 2043 2032 2042 2032 2031 2042 2020 2032 2021 2031 2032 2020 1498 1499 1488 1487 1498 1488 1498 1510 1499 1510 1498 1509 1498 1487 1486 1497 1498 1486 1498 1508 1509 1498 1497 1508 1375 1386 1376 1386 1387 1376 1326 1314 1325 1314 1326 1315 1326 1327 1316 1326 1316 1315 1254 1266 1255 1266 1254 1265 1298 1309 1310 1299 1298 1310 1276 1277 1266 1276 1266 1265 1288 1298 1299 1298 1288 1287 1276 1288 1277 1288 1276 1287 1277 1288 1278 1278 1288 1289 1279 1278 1289 1290 1279 1289 1279 1268 1267 1278 1279 1267 1268 1279 1269 1279 1280 1269 1279 1291 1280 1291 1279 1290 1291 1302 1303 1291 1303 1292 1281 1291 1292 1280 1291 1281 1312 1324 1313 1324 1312 1323 1312 1311 1322 1312 1322 1323 1321 1333 1322 1333 1321 1332 1322 1333 1323 1333 1334 1323 1347 1335 1346 1335 1347 1336 1324 1335 1325 1335 1336 1325 1334 1335 1323 1335 1324 1323 1183 1182 1194 1182 1193 1194 1182 1183 1172 1182 1172 1171 1193 1182 1192 1182 1181 1192 1170 1182 1171 1181 1182 1170 1167 1166 1178 1166 1177 1178 1157 1168 1169 1158 1157 1169 1157 1158 1147 1146 1157 1147 1124 1136 1125 1136 1124 1135 1124 1125 1112 1111 1124 1112 1228 1238 1239 1238 1228 1227 1237 1238 1226 1238 1227 1226 1244 1254 1255 1254 1244 1243 1232 1244 1233 1244 1232 1243 1256 1244 1255 1245 1244 1256 1244 1234 1233 1244 1245 1234 1410 1398 1409 1398 1410 1399 1398 1408 1409 1408 1398 1397 1386 1398 1387 1398 1386 1397 1379 1391 1380 1379 1390 1391 1379 1380 1369 1368 1379 1369 1379 1368 1367 1378 1379 1367 1379 1389 1390 1389 1379 1378 1390 1389 1401 1389 1400 1401 1412 1413 1402 1401 1412 1402 1446 1436 1435 1446 1447 1436 1446 1434 1445 1434 1446 1435 1447 1446 1458 1446 1457 1458 1446 1445 1456 1457 1446 1456 1442 1432 1431 1432 1442 1443 1442 1453 1454 1443 1442 1454 1481 1471 1470 1471 1481 1482 1493 1481 1492 1481 1493 1482 1469 1481 1470 1480 1481 1469 1492 1481 1491 1481 1480 1491 1261 1251 1250 1251 1261 1262 1261 1260 1271 1272 1261 1271 1261 1272 1273 1261 1273 1262 1650 1610 1609 1650 1651 1610 1721 1711 1710 1722 1711 1721 1710 1711 1699 1711 1700 1699 1711 1712 1701 1700 1711 1701 1711 1723 1712 1723 1711 1722 1723 1734 1735 1724 1723 1735 1734 1723 1733 1723 1722 1733 1712 1723 1713 1723 1724 1713 1535 1546 1547 1536 1535 1547 1535 1545 1546 1545 1535 1534 1535 1536 1525 1524 1535 1525 1535 1523 1534 1535 1524 1523 1856 1866 1867 1856 1855 1866 1855 1856 1844 1856 1845 1844 1931 1942 1932 1942 1943 1932 1954 1942 1953 1943 1942 1954 1930 1942 1931 1941 1942 1930 1942 1941 1952 1942 1952 1953 2101 2113 2102 2113 2101 2112 2101 2102 2091 2090 2101 2091 2046 2058 2047 2058 2046 2057 2069 2058 2068 2058 2057 2068 1987 1975 1986 1987 1976 1975 1997 1987 1986 1998 1987 1997 1337 1347 1348 1347 1337 1336 1349 1337 1348 1338 1337 1349 1337 1326 1325 1336 1337 1325 1327 1337 1338 1326 1337 1327 1300 1288 1299 1288 1300 1289 1311 1300 1310 1300 1299 1310 1344 1343 1354 1344 1354 1355 1343 1344 1332 1344 1333 1332 1145 1146 1135 1145 1135 1134 1133 1145 1134 1144 1145 1133 1123 1110 1109 1122 1123 1109 1123 1133 1134 1133 1123 1122 1123 1111 1110 1123 1124 1111 1135 1123 1134 1124 1123 1135 1261 1249 1260 1249 1261 1250 1249 1248 1259 1260 1249 1259 1249 1237 1248 1249 1238 1237 1239 1249 1250 1238 1249 1239 1210 1221 1211 1221 1222 1211 1222 1221 1233 1221 1232 1233 1388 1398 1399 1398 1388 1387 1388 1377 1376 1387 1388 1376 1389 1388 1400 1400 1388 1399 1388 1378 1377 1388 1389 1378 1422 1432 1433 1432 1422 1421 1420 1430 1431 1430 1420 1419 1452 1463 1464 1453 1452 1464 1690 1689 1701 1689 1700 1701 1651 1689 1690 1650 1689 1651 2059 2071 2060 2059 2070 2071 2049 2059 2060 2059 2049 2048 2070 2059 2069 2059 2058 2069 2047 2059 2048 2058 2059 2047 1988 1977 1976 1987 1988 1976 1999 1988 1998 1988 1987 1998 1302 1301 1313 1301 1312 1313 1301 1291 1290 1291 1301 1302 1312 1301 1311 1301 1300 1311 1301 1290 1289 1300 1301 1289 1335 1345 1346 1345 1335 1334 1357 1345 1356 1345 1357 1346 1333 1345 1334 1344 1345 1333 1356 1345 1355 1345 1344 1355 1156 1167 1168 1157 1156 1168 1156 1166 1167 1166 1156 1155 1156 1157 1146 1145 1156 1146 1156 1145 1144 1156 1144 1155 1423 1424 1413 1412 1423 1413 1424 1423 1435 1423 1434 1435 1434 1423 1433 1423 1422 1433 1423 1411 1422 1411 1423 1412 1410 1411 1399 1411 1400 1399 1400 1411 1401 1411 1412 1401 1411 1410 1421 1422 1411 1421 1441 1442 1431 1430 1441 1431 1442 1441 1453 1441 1452 1453 0 7 1088 0 1088 1081 1 0 1081 1 1081 1082 2 1 1082 2 1082 1083 3 2 1083 3 1083 1084 4 3 1084 4 1084 1085 5 4 1085 5 1085 1086 6 5 1086 6 1086 1087 7 9 1090 7 1090 1088 8 6 1087 8 1087 1089 9 11 1092 9 1092 1090 10 8 1089 10 1089 1091 11 22 1103 11 1103 1092 12 10 1091 12 1091 1093 22 24 1105 22 1105 1103 23 12 1093 23 1093 1104 24 26 1107 24 1107 1105 25 23 1104 25 1104 1106 26 37 1118 26 1118 1107 27 25 1106 27 1106 1108 37 39 1120 37 1120 1118 38 27 1108 38 1108 1119 39 50 1131 39 1131 1120 40 38 1119 40 1119 1121 50 61 1142 50 1142 1131 51 40 1121 51 1121 1132 61 72 1153 61 1153 1142 62 51 1132 62 1132 1143 72 83 1164 72 1164 1153 73 62 1143 73 1143 1154 83 94 1175 83 1175 1164 84 73 1154 84 1154 1165 94 105 1186 94 1186 1175 95 84 1165 95 1165 1176 105 116 1197 105 1197 1186 106 95 1176 106 1176 1187 116 127 1208 116 1208 1197 117 106 1187 117 1187 1198 127 138 1219 127 1219 1208 128 117 1198 128 1198 1209 138 149 1230 138 1230 1219 139 128 1209 139 1209 1220 149 160 1241 149 1241 1230 150 139 1220 150 1220 1231 160 171 1252 160 1252 1241 161 150 1231 161 1231 1242 171 182 1263 171 1263 1252 172 161 1242 172 1242 1253 182 193 1274 182 1274 1263 183 172 1253 183 1253 1264 193 204 1285 193 1285 1274 194 183 1264 194 1264 1275 204 215 1296 204 1296 1285 205 194 1275 205 1275 1286 215 226 1307 215 1307 1296 216 205 1286 216 1286 1297 226 237 1318 226 1318 1307 227 216 1297 227 1297 1308 237 248 1329 237 1329 1318 238 227 1308 238 1308 1319 248 259 1340 248 1340 1329 249 238 1319 249 1319 1330 259 270 1351 259 1351 1340 260 249 1330 260 1330 1341 270 281 1362 270 1362 1351 271 260 1341 271 1341 1352 281 292 1373 281 1373 1362 282 271 1352 282 1352 1363 292 303 1384 292 1384 1373 293 282 1363 293 1363 1374 303 314 1395 303 1395 1384 304 293 1374 304 1374 1385 314 325 1406 314 1406 1395 315 304 1385 315 1385 1396 325 336 1417 325 1417 1406 326 315 1396 326 1396 1407 336 347 1428 336 1428 1417 337 326 1407 337 1407 1418 347 358 1439 347 1439 1428 348 337 1418 348 1418 1429 358 369 1450 358 1450 1439 359 348 1429 359 1429 1440 369 380 1461 369 1461 1450 370 359 1440 370 1440 1451 380 391 1472 380 1472 1461 381 370 1451 381 1451 1462 391 402 1483 391 1483 1472 392 381 1462 392 1462 1473 402 413 1494 402 1494 1483 403 392 1473 403 1473 1484 413 424 1505 413 1505 1494 414 403 1484 414 1484 1495 424 435 1516 424 1516 1505 425 414 1495 425 1495 1506 435 446 1527 435 1527 1516 436 425 1506 436 1506 1517 446 457 1538 446 1538 1527 447 436 1517 447 1517 1528 457 468 1549 457 1549 1538 458 447 1528 458 1528 1539 468 479 1560 468 1560 1549 469 458 1539 469 1539 1550 479 490 1571 479 1571 1560 480 469 1550 480 1550 1561 490 501 1582 490 1582 1571 491 480 1561 491 1561 1572 501 512 1593 501 1593 1582 502 491 1572 502 1572 1583 512 523 1604 512 1604 1593 513 502 1583 513 1583 1594 523 550 1631 523 1631 1604 524 513 1594 524 1594 1605 531 533 1614 531 1614 1612 532 531 1612 532 1612 1613 533 535 1616 533 1616 1614 534 532 1613 534 1613 1615 535 537 1618 535 1618 1616 536 534 1615 536 1615 1617 537 539 1620 537 1620 1618 538 536 1617 538 1617 1619 539 541 1622 539 1622 1620 540 538 1619 540 1619 1621 541 543 1624 541 1624 1622 542 540 1621 542 1621 1623 543 545 1626 543 1626 1624 544 542 1623 544 1623 1625 545 547 1628 545 1628 1626 546 544 1625 546 1625 1627 547 549 1630 547 1630 1628 548 546 1627 548 1627 1629 549 553 1634 549 1634 1630 550 584 1665 550 1665 1631 551 524 1605 551 1605 1632 552 548 1629 552 1629 1633 553 555 1636 553 1636 1634 554 552 1633 554 1633 1635 555 557 1638 555 1638 1636 556 554 1635 556 1635 1637 557 559 1640 557 1640 1638 558 556 1637 558 1637 1639 559 561 1642 559 1642 1640 560 558 1639 560 1639 1641 561 563 1644 561 1644 1642 562 560 1641 562 1641 1643 563 568 1649 563 1649 1644 567 562 1643 567 1643 1648 568 573 1654 568 1654 1649 572 567 1648 572 1648 1653 573 575 1656 573 1656 1654 574 572 1653 574 1653 1655 575 577 1658 575 1658 1656 576 574 1655 576 1655 1657 577 579 1660 577 1660 1658 578 576 1657 578 1657 1659 579 581 1662 579 1662 1660 580 578 1659 580 1659 1661 581 583 1664 581 1664 1662 582 580 1661 582 1661 1663 583 587 1668 583 1668 1664 584 611 1692 584 1692 1665 585 551 1632 585 1632 1666 586 582 1663 586 1663 1667 587 589 1670 587 1670 1668 588 586 1667 588 1667 1669 589 591 1672 589 1672 1670 590 588 1669 590 1669 1671 591 593 1674 591 1674 1672 592 590 1671 592 1671 1673 593 595 1676 593 1676 1674 594 592 1673 594 1673 1675 595 597 1678 595 1678 1676 596 594 1675 596 1675 1677 597 599 1680 597 1680 1678 598 596 1677 598 1677 1679 599 601 1682 599 1682 1680 600 598 1679 600 1679 1681 601 603 1684 601 1684 1682 602 600 1681 602 1681 1683 603 604 1685 603 1685 1684 604 602 1683 604 1683 1685 611 622 1703 611 1703 1692 612 585 1666 612 1666 1693 622 633 1714 622 1714 1703 623 612 1693 623 1693 1704 633 644 1725 633 1725 1714 634 623 1704 634 1704 1715 644 655 1736 644 1736 1725 645 634 1715 645 1715 1726 655 666 1747 655 1747 1736 656 645 1726 656 1726 1737 666 677 1758 666 1758 1747 667 656 1737 667 1737 1748 677 688 1769 677 1769 1758 678 667 1748 678 1748 1759 688 699 1780 688 1780 1769 689 678 1759 689 1759 1770 699 710 1791 699 1791 1780 700 689 1770 700 1770 1781 710 721 1802 710 1802 1791 711 700 1781 711 1781 1792 721 732 1813 721 1813 1802 722 711 1792 722 1792 1803 732 743 1824 732 1824 1813 733 722 1803 733 1803 1814 743 754 1835 743 1835 1824 744 733 1814 744 1814 1825 754 765 1846 754 1846 1835 755 744 1825 755 1825 1836 765 776 1857 765 1857 1846 766 755 1836 766 1836 1847 776 787 1868 776 1868 1857 777 766 1847 777 1847 1858 787 798 1879 787 1879 1868 788 777 1858 788 1858 1869 798 809 1890 798 1890 1879 799 788 1869 799 1869 1880 809 820 1901 809 1901 1890 810 799 1880 810 1880 1891 820 831 1912 820 1912 1901 821 810 1891 821 1891 1902 831 842 1923 831 1923 1912 832 821 1902 832 1902 1913 842 853 1934 842 1934 1923 843 832 1913 843 1913 1924 853 864 1945 853 1945 1934 854 843 1924 854 1924 1935 864 875 1956 864 1956 1945 865 854 1935 865 1935 1946 875 886 1967 875 1967 1956 876 865 1946 876 1946 1957 886 897 1978 886 1978 1967 887 876 1957 887 1957 1968 897 908 1989 897 1989 1978 898 887 1968 898 1968 1979 908 919 2000 908 2000 1989 909 898 1979 909 1979 1990 919 930 2011 919 2011 2000 920 909 1990 920 1990 2001 930 941 2022 930 2022 2011 931 920 2001 931 2001 2012 941 952 2033 941 2033 2022 942 931 2012 942 2012 2023 952 963 2044 952 2044 2033 953 942 2023 953 2023 2034 963 974 2055 963 2055 2044 964 953 2034 964 2034 2045 974 985 2066 974 2066 2055 975 964 2045 975 2045 2056 985 996 2077 985 2077 2066 986 975 2056 986 2056 2067 996 1007 2088 996 2088 2077 997 986 2067 997 2067 2078 1007 1018 2099 1007 2099 2088 1008 997 2078 1008 2078 2089 1018 1029 2110 1018 2110 2099 1019 1008 2089 1019 2089 2100 1029 1040 2121 1029 2121 2110 1030 1019 2100 1030 2100 2111 1040 1042 2123 1040 2123 2121 1041 1030 2111 1041 2111 2122 1042 1053 2134 1042 2134 2123 1043 1041 2122 1043 2122 2124 1053 1055 2136 1053 2136 2134 1054 1043 2124 1054 2124 2135 1055 1057 2138 1055 2138 2136 1056 1054 2135 1056 2135 2137 1057 1068 2149 1057 2149 2138 1058 1056 2137 1058 2137 2139 1068 1070 2151 1068 2151 2149 1069 1058 2139 1069 2139 2150 1070 1072 2153 1070 2153 2151 1071 1069 2150 1071 2150 2152 1072 1074 2155 1072 2155 2153 1073 1071 2152 1073 2152 2154 1074 1075 2156 1074 2156 2155 1075 1076 2157 1075 2157 2156 1076 1077 2158 1076 2158 2157 1077 1078 2159 1077 2159 2158 1078 1079 2160 1078 2160 2159 1079 1080 2161 1079 2161 2160 1080 1073 2154 1080 2154 2161</p></triangles>
</mesh></geometry></library_geometries>
<library_visual_scenes><visual_scene id="Scene"><node id="part-node"><instance_geometry url="#part"><bind_material><technique_common><instance_material symbol="surface" target="#metal"/></technique_common></bind_material></instance_geometry></node></visual_scene></library_visual_scenes>
<scene><instance_visual_scene url="#Scene"/></scene></COLLADA>
